study_id,age,sex,bmi,education,employment,residence,substance_use,dep_duration_months,episode_type,num_prev_episodes,family_history,prev_hospitalization,prev_suicide_attempt,prev_treatment_response,has_hypertension,has_diabetes,has_thyroid,has_cardiovascular,has_ckd,has_liver,has_asthma_copd,has_epilepsy,has_migraine,comorbidity_count,ad_class,ad_name,ad_dose_mg,ad_frequency,ad_duration_weeks,madrs_baseline,gad7_baseline,mars_score,tabs_dispensed,tabs_remaining,adherence_pct,adr_occurred,adr_severity,naranjo_score,naranjo_class,madrs_week2,madrs_week4,madrs_week6,gad7_week6,mars_week6,madrs_change,madrs_reduction_pct,response_class,response_binary
NC-0001,23,Male,21.0,Primary,Unemployed,Semi-urban,Tobacco,13,Recurrent,5,Yes,Yes,Yes,None,0,1,0,0,0,0,0,0,0,1,SSRI,Paroxetine,10,Once daily,17,39,16,0,66,15,77.3,1,Moderate,3,Possible,38,34,26,10,0,13,33.3,Partial Responder,0
NC-0002,62,Female,17.8,Postgraduate,Employed,Rural,Tobacco,102,First,0,No,No,No,Good,1,0,0,0,0,0,0,0,0,1,SSRI,Paroxetine,150,Once daily,20,45,16,7,86,23,73.3,0,None,0,Doubtful,26,19,15,17,6,30,66.7,Responder,1
NC-0003,55,Male,15.8,Graduate,Retired,Rural,Alcohol,7,Recurrent,5,Yes,No,No,None,0,0,0,0,0,0,0,0,0,0,SSRI,Paroxetine,150,Once daily,7,23,8,10,84,21,75.0,1,Moderate,9,Definite,18,16,13,3,10,10,43.5,Partial Responder,0
NC-0004,43,Male,19.8,Secondary,Homemaker,Urban,Tobacco,69,Recurrent,6,Yes,No,No,No prior treatment,0,1,0,0,0,0,0,0,0,1,SSRI,Fluoxetine,75,Once daily,15,43,14,0,60,24,60.0,1,Mild,7,Probable,36,29,26,14,0,17,39.5,Partial Responder,0
NC-0005,42,Female,22.6,Postgraduate,Employed,Urban,None,32,Recurrent,4,No,No,No,None,0,0,1,0,0,0,0,0,0,1,SSRI,Paroxetine,10,Three times daily,22,23,7,7,40,10,75.0,0,None,0,Doubtful,12,10,7,4,7,16,69.6,Responder,1
NC-0006,66,Male,23.3,Postgraduate,Unemployed,Urban,Tobacco,26,Recurrent,6,Yes,No,Yes,Partial,0,0,1,0,1,0,0,0,0,2,Other,Bupropion,150,Once daily,13,32,13,6,84,2,97.6,1,Mild,3,Possible,19,15,13,13,6,19,59.4,Responder,1
NC-0007,22,Female,32.6,Graduate,Unemployed,Urban,None,5,Recurrent,3,No,Yes,No,Good,0,0,0,0,0,0,0,0,0,0,SSRI,Fluoxetine,25,Twice daily,4,27,8,1,84,5,94.0,1,Moderate,4,Possible,24,23,19,4,2,8,29.6,Partial Responder,0
NC-0008,57,Female,29.1,Graduate,Employed,Rural,None,108,First,0,No,Yes,No,Good,0,0,0,0,0,0,0,0,1,1,SNRI,Desvenlafaxine,75,Once daily,9,20,6,2,70,8,88.6,1,Mild,2,Possible,13,10,9,2,3,11,55.0,Responder,1
NC-0009,29,Male,20.5,Secondary,Student,Urban,None,52,Recurrent,2,No,No,No,None,1,1,0,1,0,0,0,0,1,4,Other,Agomelatine,100,Once daily,19,40,20,3,71,7,90.1,1,Mild,3,Possible,29,28,24,15,5,16,40.0,Partial Responder,0
NC-0010,23,Female,26.0,Primary,Employed,Semi-urban,None,41,Recurrent,5,Yes,No,No,No prior treatment,0,0,0,1,0,0,0,0,0,1,SSRI,Escitalopram,20,Three times daily,19,28,19,7,66,5,92.4,0,None,0,Doubtful,15,14,13,10,7,15,53.6,Responder,1
NC-0011,48,Male,22.8,Graduate,Retired,Urban,Tobacco,89,Recurrent,2,No,No,No,Partial,0,0,1,0,0,0,0,0,0,1,SNRI,Desvenlafaxine,10,Once daily,10,37,15,3,40,3,92.5,0,None,1,Possible,30,25,24,13,5,13,35.1,Partial Responder,0
NC-0012,73,Female,23.3,Secondary,Homemaker,Urban,None,5,Recurrent,5,Yes,Yes,No,None,0,0,0,0,0,0,0,0,0,0,SNRI,Desvenlafaxine,10,Once daily,7,46,15,9,47,4,91.5,0,None,0,Doubtful,31,25,19,12,10,27,58.7,Responder,1
NC-0013,59,Male,25.3,Graduate,Homemaker,Urban,None,68,First,0,No,No,No,No prior treatment,1,0,0,0,0,0,0,0,0,1,SSRI,Paroxetine,200,Three times daily,9,26,8,4,47,16,66.0,1,Moderate,7,Probable,26,21,19,7,4,7,26.9,Partial Responder,0
NC-0014,61,Female,27.1,Postgraduate,Employed,Semi-urban,None,59,Recurrent,7,Yes,No,No,Good,1,0,0,0,0,0,0,0,0,1,SSRI,Fluoxetine,200,Once daily,8,44,14,1,85,12,85.9,1,Mild,2,Possible,29,28,22,7,2,22,50.0,Responder,1
NC-0015,58,Male,23.1,Primary,Employed,Semi-urban,Alcohol,66,First,0,No,No,No,Good,1,1,0,0,0,0,0,0,0,2,TCA,Nortriptyline,50,Once daily,18,30,16,1,42,0,100.0,1,Moderate,3,Possible,17,15,14,14,3,16,53.3,Responder,1
NC-0016,62,Male,29.0,Graduate,Retired,Urban,None,15,Recurrent,1,Yes,No,No,Partial,0,0,0,0,1,0,0,0,0,1,SNRI,Venlafaxine,50,Once daily,20,31,13,4,67,14,79.1,1,Mild,6,Probable,13,11,9,8,6,22,71.0,Responder,1
NC-0017,47,Female,19.7,Secondary,Retired,Urban,Tobacco,114,Recurrent,1,Yes,Yes,No,No prior treatment,0,1,0,0,0,0,0,0,1,2,TCA,Amitriptyline,50,Once daily,4,40,9,4,58,21,63.8,1,Mild,9,Definite,22,16,13,9,3,27,67.5,Responder,1
NC-0018,25,Female,24.5,Postgraduate,Unemployed,Semi-urban,Alcohol,29,Recurrent,7,No,No,No,None,0,0,1,1,0,0,0,0,0,2,Other,Mirtazapine,25,Once daily,18,41,11,8,40,10,75.0,0,None,1,Possible,35,33,26,10,9,15,36.6,Partial Responder,0
NC-0019,65,Female,35.4,Secondary,Homemaker,Urban,None,81,Recurrent,3,Yes,No,No,No prior treatment,1,1,0,0,0,0,0,0,0,2,SSRI,Sertraline,75,Once daily,19,42,18,5,85,7,91.8,1,Mild,2,Possible,38,29,24,14,5,18,42.9,Partial Responder,0
NC-0020,43,Female,25.4,Graduate,Employed,Rural,Tobacco,89,Recurrent,1,Yes,Yes,Yes,No prior treatment,0,0,0,0,0,0,0,0,0,0,SNRI,Venlafaxine,25,Twice daily,16,26,9,1,40,6,85.0,0,None,1,Possible,20,15,14,9,0,12,46.2,Partial Responder,0
NC-0021,46,Female,30.5,Graduate,Homemaker,Urban,None,41,Recurrent,3,No,No,No,No prior treatment,0,0,0,0,0,0,0,0,0,0,SNRI,Duloxetine,75,Twice daily,21,40,20,2,82,9,89.0,0,None,0,Doubtful,28,22,20,16,1,20,50.0,Responder,1
NC-0022,39,Female,24.9,Graduate,Employed,Urban,None,16,Recurrent,6,No,No,No,No prior treatment,0,0,0,0,0,0,0,0,0,0,SNRI,Venlafaxine,50,Once daily,4,29,17,6,78,6,92.3,0,None,0,Doubtful,15,13,9,13,8,20,69.0,Responder,1
NC-0023,28,Female,26.9,Graduate,Employed,Urban,Tobacco,36,Recurrent,3,Yes,No,Yes,No prior treatment,0,0,0,0,0,0,0,0,0,0,SNRI,Venlafaxine,100,Once daily,17,29,19,3,79,23,70.9,0,None,0,Doubtful,24,23,18,10,5,11,37.9,Partial Responder,0
NC-0024,70,Male,24.3,Graduate,Unemployed,Urban,Alcohol,97,Recurrent,1,No,No,No,No prior treatment,0,1,0,0,0,0,0,0,1,2,SNRI,Duloxetine,200,Twice daily,6,53,13,7,48,24,50.0,0,None,0,Doubtful,39,36,30,11,8,23,43.4,Partial Responder,0
NC-0025,62,Female,23.8,Graduate,Employed,Urban,None,108,First,0,No,No,No,No prior treatment,0,0,0,0,0,0,0,0,0,0,TCA,Nortriptyline,20,Three times daily,21,23,8,10,84,8,90.5,0,None,0,Doubtful,17,13,11,5,10,12,52.2,Responder,1
NC-0026,54,Female,21.2,Graduate,Employed,Urban,None,112,Recurrent,2,No,No,Yes,No prior treatment,0,1,0,0,0,0,0,0,0,1,SSRI,Escitalopram,10,Once daily,13,34,5,3,69,23,66.7,0,None,0,Doubtful,26,21,16,2,3,18,52.9,Responder,1
NC-0027,40,Male,26.3,Postgraduate,Employed,Rural,None,27,First,0,No,No,Yes,No prior treatment,1,0,0,0,0,0,0,0,0,1,SNRI,Duloxetine,75,Once daily,5,35,13,6,60,21,65.0,1,Mild,7,Probable,32,30,25,12,7,10,28.6,Partial Responder,0
NC-0028,64,Male,20.9,Graduate,Unemployed,Urban,None,73,Recurrent,1,No,No,No,No prior treatment,0,0,0,0,0,0,0,0,0,0,SSRI,Fluoxetine,10,Twice daily,18,28,11,9,74,1,98.6,0,None,1,Possible,16,14,13,4,7,15,53.6,Responder,1
NC-0029,49,Female,27.3,Graduate,Retired,Urban,Tobacco,18,Recurrent,5,No,No,No,None,1,0,1,0,0,0,0,0,0,2,SNRI,Desvenlafaxine,20,Twice daily,18,47,6,2,57,12,78.9,1,Mild,3,Possible,37,29,25,5,1,22,46.8,Partial Responder,0
NC-0030,43,Male,29.1,Primary,Employed,Urban,Tobacco,85,Recurrent,4,No,Yes,Yes,None,0,0,1,0,0,0,0,0,0,1,TCA,Amitriptyline,150,Three times daily,13,37,19,5,53,16,69.8,0,None,0,Doubtful,25,21,19,9,3,18,48.6,Partial Responder,0
NC-0031,43,Female,26.0,Graduate,Student,Urban,Tobacco,50,First,0,No,Yes,No,None,1,0,0,0,0,0,0,0,0,1,TCA,Nortriptyline,50,Once daily,10,45,20,3,54,10,81.5,0,None,1,Possible,30,27,23,14,5,22,48.9,Partial Responder,0
NC-0032,30,Male,23.3,Graduate,Homemaker,Semi-urban,None,85,First,0,Yes,No,No,No prior treatment,0,0,0,0,0,0,0,0,0,0,SSRI,Escitalopram,75,Once daily,4,33,10,6,68,11,83.8,0,None,0,Doubtful,19,18,15,10,7,18,54.5,Responder,1
NC-0033,23,Male,26.4,Graduate,Employed,Urban,Tobacco,82,Recurrent,2,Yes,No,No,None,1,1,0,0,0,0,0,0,0,2,SNRI,Venlafaxine,150,Once daily,22,51,15,8,70,12,82.9,0,None,1,Possible,32,29,26,6,10,25,49.0,Partial Responder,0
NC-0034,49,Female,23.2,Primary,Employed,Semi-urban,Tobacco,119,First,0,Yes,No,No,No prior treatment,0,0,1,0,0,0,0,0,0,1,SSRI,Sertraline,20,Once daily,7,45,11,1,52,17,67.3,1,Mild,4,Possible,29,21,17,9,1,28,62.2,Responder,1
NC-0035,68,Male,28.4,Postgraduate,Homemaker,Urban,Tobacco,59,First,0,No,No,No,No prior treatment,0,0,0,0,0,0,0,0,0,0,SSRI,Paroxetine,50,Twice daily,20,31,12,2,52,7,86.5,0,None,1,Possible,15,13,10,9,2,21,67.7,Responder,1
NC-0036,21,Male,16.8,Graduate,Homemaker,Rural,None,41,Recurrent,4,No,Yes,No,No prior treatment,0,0,0,0,0,0,0,0,0,0,SSRI,Escitalopram,10,Once daily,15,53,14,0,87,14,83.9,1,Moderate,9,Definite,37,30,29,14,1,24,45.3,Partial Responder,0
NC-0037,66,Female,23.1,Graduate,Unemployed,Urban,None,63,Recurrent,1,No,No,No,Partial,0,0,0,0,1,0,0,1,0,2,Other,Agomelatine,50,Once daily,17,50,11,0,65,6,90.8,0,None,1,Possible,32,30,29,5,0,21,42.0,Partial Responder,0
NC-0038,65,Female,16.1,Secondary,Retired,Rural,None,20,First,0,No,No,No,No prior treatment,0,0,1,0,0,0,0,0,0,1,SSRI,Paroxetine,20,Three times daily,17,40,17,0,83,22,73.5,1,Mild,7,Probable,30,25,23,16,0,17,42.5,Partial Responder,0
NC-0039,33,Male,18.2,Postgraduate,Employed,Urban,None,14,First,0,No,No,Yes,No prior treatment,1,0,0,0,0,0,0,0,0,1,Other,Agomelatine,200,Three times daily,21,20,8,7,56,2,96.4,1,Mild,9,Definite,11,8,6,5,6,14,70.0,Responder,1
NC-0040,54,Male,30.2,Secondary,Employed,Urban,None,62,Recurrent,6,Yes,No,No,No prior treatment,1,0,0,0,0,0,0,0,0,1,SSRI,Sertraline,25,Twice daily,4,40,15,9,54,1,98.1,0,None,1,Possible,15,13,9,10,9,31,77.5,Responder,1
NC-0041,27,Female,28.3,Secondary,Retired,Rural,None,99,Recurrent,5,No,No,Yes,No prior treatment,0,0,0,0,0,0,0,0,0,0,SNRI,Venlafaxine,20,Three times daily,23,44,20,4,54,0,100.0,0,None,1,Possible,30,24,19,13,2,25,56.8,Responder,1
NC-0042,61,Female,21.5,Postgraduate,Employed,Semi-urban,Tobacco,64,Recurrent,7,No,No,No,None,0,0,0,0,0,0,0,0,0,0,SNRI,Venlafaxine,10,Once daily,4,32,18,9,66,8,87.9,0,None,0,Doubtful,13,10,9,12,7,23,71.9,Responder,1
NC-0043,57,Female,18.2,Postgraduate,Retired,Semi-urban,None,94,First,0,Yes,No,Yes,None,0,0,1,0,0,0,1,1,0,3,SNRI,Desvenlafaxine,20,Once daily,23,25,5,8,78,15,80.8,0,None,0,Doubtful,13,11,10,3,6,15,60.0,Responder,1
NC-0044,38,Male,15.0,Secondary,Unemployed,Urban,Alcohol,22,First,0,No,No,No,Good,1,0,0,0,0,0,1,0,1,3,SNRI,Venlafaxine,20,Once daily,9,39,6,8,65,24,63.1,0,None,0,Doubtful,23,21,18,2,6,21,53.8,Responder,1
NC-0045,21,Male,22.2,Graduate,Retired,Semi-urban,None,54,First,0,Yes,Yes,No,No prior treatment,1,0,0,0,0,0,0,0,0,1,SNRI,Duloxetine,20,Three times daily,20,48,15,8,54,11,79.6,0,None,1,Possible,30,28,27,10,6,21,43.8,Partial Responder,0
NC-0046,73,Male,34.7,Graduate,Unemployed,Rural,Tobacco,73,Recurrent,1,No,Yes,No,Partial,0,0,0,0,0,0,0,0,0,0,Other,Bupropion,100,Three times daily,5,31,19,2,88,4,95.5,1,Mild,4,Possible,19,16,12,16,0,19,61.3,Responder,1
NC-0047,43,Male,26.3,Postgraduate,Employed,Semi-urban,None,42,First,0,No,No,No,No prior treatment,1,0,0,0,0,0,0,0,0,1,SNRI,Desvenlafaxine,200,Once daily,13,35,18,5,68,9,86.8,1,Mild,4,Possible,22,16,14,13,3,21,60.0,Responder,1
NC-0048,68,Female,22.1,Graduate,Employed,Urban,None,2,First,0,Yes,No,Yes,No prior treatment,0,1,0,0,0,0,0,0,0,1,SSRI,Fluoxetine,150,Once daily,14,20,19,5,59,3,94.9,0,None,0,Doubtful,13,11,8,9,7,12,60.0,Responder,1
NC-0049,56,Male,26.5,Graduate,Employed,Semi-urban,Tobacco,9,Recurrent,6,Yes,Yes,No,None,1,0,0,0,0,0,0,1,0,2,SSRI,Fluoxetine,200,Once daily,23,44,7,7,40,11,72.5,0,None,0,Doubtful,30,25,20,4,5,24,54.5,Responder,1
NC-0050,62,Female,17.9,Graduate,Retired,Semi-urban,Both,111,Recurrent,7,Yes,No,No,Good,1,0,1,1,0,0,0,0,0,3,SNRI,Desvenlafaxine,200,Once daily,6,50,13,8,68,18,73.5,0,None,1,Possible,32,25,24,9,8,26,52.0,Responder,1
NC-0051,61,Female,23.3,Graduate,Employed,Rural,None,73,Recurrent,4,Yes,Yes,No,Good,1,0,0,0,0,0,0,0,0,1,SSRI,Paroxetine,50,Twice daily,4,47,16,1,71,0,100.0,0,None,1,Possible,17,16,15,13,0,32,68.1,Responder,1
NC-0052,29,Female,24.9,Graduate,Employed,Urban,None,32,Recurrent,1,No,No,No,No prior treatment,0,0,0,0,0,0,0,0,0,0,SNRI,Duloxetine,50,Once daily,16,35,14,7,86,19,77.9,1,Mild,6,Probable,23,22,17,14,9,18,51.4,Responder,1
NC-0053,38,Male,24.1,Graduate,Employed,Urban,Tobacco,31,Recurrent,3,Yes,No,No,None,0,0,0,0,0,0,0,0,0,0,SNRI,Duloxetine,100,Twice daily,4,21,17,9,51,5,90.2,0,None,1,Possible,10,7,5,13,8,16,76.2,Responder,1
NC-0054,44,Female,27.8,Secondary,Employed,Rural,Tobacco,5,Recurrent,3,Yes,No,No,Good,0,1,0,0,0,0,0,0,0,1,SSRI,Fluoxetine,25,Once daily,19,37,8,1,48,16,66.7,0,None,1,Possible,23,21,18,6,2,19,51.4,Responder,1
NC-0055,46,Female,25.9,Postgraduate,Homemaker,Urban,None,113,First,0,No,No,No,No prior treatment,1,1,0,0,0,0,0,0,1,3,TCA,Nortriptyline,75,Once daily,4,52,12,4,89,20,77.5,0,None,1,Possible,54,49,37,5,5,15,28.8,Partial Responder,0
NC-0056,20,Female,27.3,Postgraduate,Employed,Semi-urban,None,13,Recurrent,7,No,No,Yes,Partial,0,0,0,0,0,0,0,0,0,0,SNRI,Duloxetine,200,Once daily,23,22,12,9,67,19,71.6,0,None,0,Doubtful,9,7,6,12,10,16,72.7,Responder,1
NC-0057,49,Male,21.6,Graduate,Homemaker,Urban,None,91,Recurrent,4,No,No,No,No prior treatment,0,0,0,0,0,0,0,0,0,0,SNRI,Duloxetine,20,Three times daily,14,27,20,0,41,16,61.0,0,None,1,Possible,16,14,12,12,1,15,55.6,Responder,1
NC-0058,26,Male,28.3,Primary,Employed,Urban,Both,29,Recurrent,7,No,Yes,No,Partial,1,0,0,0,0,0,1,0,0,2,SNRI,Desvenlafaxine,150,Once daily,22,49,8,1,45,17,62.2,0,None,1,Possible,35,27,22,5,1,27,55.1,Responder,1
NC-0059,60,Female,31.3,Secondary,Student,Semi-urban,None,40,Recurrent,4,Yes,No,No,Good,0,0,0,0,0,0,0,0,0,0,TCA,Nortriptyline,200,Once daily,6,39,10,8,63,4,93.7,0,None,1,Possible,19,14,11,5,9,28,71.8,Responder,1
NC-0060,56,Male,20.4,Graduate,Unemployed,Urban,None,33,Recurrent,3,No,No,No,Good,0,0,0,0,0,0,0,0,0,0,SNRI,Duloxetine,75,Once daily,9,25,5,1,70,3,95.7,0,None,1,Possible,10,9,7,2,3,18,72.0,Responder,1
NC-0061,70,Male,20.8,Primary,Employed,Urban,Both,99,First,0,Yes,No,No,None,0,0,0,0,0,0,0,0,0,0,Other,Mirtazapine,25,Three times daily,13,20,7,7,52,9,82.7,1,Mild,3,Possible,11,10,9,6,6,11,55.0,Responder,1
NC-0062,60,Female,30.1,Postgraduate,Homemaker,Semi-urban,None,4,Recurrent,5,No,No,No,None,0,0,0,0,0,0,1,1,1,3,SSRI,Sertraline,25,Twice daily,4,34,20,9,58,15,74.1,0,None,0,Doubtful,18,14,11,11,10,23,67.6,Responder,1
NC-0063,38,Female,23.7,Graduate,Homemaker,Semi-urban,None,42,First,0,No,No,No,No prior treatment,0,0,1,0,0,0,1,0,0,2,SNRI,Duloxetine,20,Twice daily,6,40,18,5,76,15,80.3,1,Mild,9,Definite,37,31,27,10,7,13,32.5,Partial Responder,0
NC-0064,73,Female,30.4,Graduate,Homemaker,Rural,None,34,First,0,No,No,Yes,None,0,0,0,0,0,0,0,0,0,0,SNRI,Desvenlafaxine,25,Once daily,10,49,9,5,88,19,78.4,0,None,1,Possible,18,17,14,4,6,35,71.4,Responder,1
NC-0065,41,Male,22.6,Postgraduate,Employed,Urban,None,33,First,0,No,No,No,Partial,0,0,0,0,1,0,0,0,0,1,SSRI,Fluoxetine,100,Twice daily,18,50,16,4,64,7,89.1,0,None,0,Doubtful,36,30,27,17,6,23,46.0,Partial Responder,0
NC-0066,36,Female,30.6,Graduate,Employed,Urban,None,23,First,0,No,Yes,No,Partial,0,0,0,1,0,0,0,0,0,1,SSRI,Paroxetine,75,Once daily,18,36,14,4,60,21,65.0,1,Moderate,2,Possible,20,19,14,13,2,22,61.1,Responder,1
NC-0067,69,Male,25.1,Secondary,Student,Rural,None,109,Recurrent,4,Yes,No,No,Partial,0,0,0,0,0,0,0,0,0,0,SNRI,Venlafaxine,20,Twice daily,5,34,19,4,58,11,81.0,1,Mild,9,Definite,15,14,10,19,4,24,70.6,Responder,1
NC-0068,39,Female,25.6,Graduate,Employed,Urban,Tobacco,46,Recurrent,1,No,No,Yes,No prior treatment,0,0,0,1,0,0,0,0,0,1,SSRI,Sertraline,75,Once daily,5,52,9,6,46,6,87.0,0,None,1,Possible,36,30,28,9,7,24,46.2,Partial Responder,0
NC-0069,22,Female,31.1,Graduate,Retired,Urban,Tobacco,50,Recurrent,1,No,No,No,Good,0,0,0,0,0,0,0,0,0,0,Other,Agomelatine,150,Once daily,17,47,20,9,42,18,57.1,0,None,1,Possible,15,13,12,20,10,35,74.5,Responder,1
NC-0070,44,Male,23.0,Graduate,Unemployed,Urban,None,46,First,0,No,Yes,No,No prior treatment,0,1,0,0,0,0,0,0,0,1,SSRI,Paroxetine,10,Three times daily,11,27,10,10,81,3,96.3,1,Mild,5,Probable,22,20,16,7,8,11,40.7,Partial Responder,0
NC-0071,63,Male,20.5,Graduate,Unemployed,Urban,None,117,First,0,No,No,No,Partial,0,0,0,0,0,0,0,0,0,0,SSRI,Escitalopram,10,Three times daily,19,43,16,9,41,10,75.6,1,Severe,6,Probable,37,34,28,8,10,15,34.9,Partial Responder,0
NC-0072,28,Male,22.6,Postgraduate,Homemaker,Rural,None,41,Recurrent,5,Yes,No,Yes,Good,1,0,0,0,0,0,0,0,0,1,SNRI,Desvenlafaxine,200,Once daily,9,45,11,1,81,19,76.5,0,None,1,Possible,20,16,15,6,0,30,66.7,Responder,1
NC-0073,44,Female,26.4,Graduate,Student,Semi-urban,Both,41,First,0,No,No,No,Partial,0,0,0,0,0,0,0,0,0,0,SSRI,Escitalopram,100,Once daily,11,28,15,3,52,19,63.5,0,None,0,Doubtful,16,12,9,9,2,19,67.9,Responder,1
NC-0074,25,Female,17.9,Secondary,Employed,Semi-urban,None,40,First,0,Yes,Yes,No,Good,0,0,0,0,0,0,0,0,0,0,SSRI,Escitalopram,75,Twice daily,8,54,10,8,74,6,91.9,0,None,1,Possible,8,6,4,9,9,50,92.6,Responder,1
NC-0075,57,Female,27.2,Graduate,Employed,Urban,Tobacco,39,Recurrent,6,Yes,Yes,No,No prior treatment,1,0,0,1,1,0,0,0,0,3,SNRI,Desvenlafaxine,200,Three times daily,9,30,18,6,87,4,95.4,0,None,0,Doubtful,19,17,14,7,5,16,53.3,Responder,1
NC-0076,45,Female,22.2,Graduate,Student,Urban,None,11,First,0,Yes,No,No,None,0,1,0,0,0,0,0,0,0,1,SNRI,Desvenlafaxine,75,Twice daily,18,39,15,3,77,0,100.0,0,None,1,Possible,22,20,16,7,5,23,59.0,Responder,1
NC-0077,36,Female,29.3,Secondary,Unemployed,Urban,Tobacco,72,First,0,No,Yes,No,Partial,0,0,0,0,0,0,0,0,0,0,SSRI,Paroxetine,75,Once daily,13,37,9,3,76,2,97.4,0,None,1,Possible,13,12,10,7,5,27,73.0,Responder,1
NC-0078,30,Female,15.0,Secondary,Employed,Urban,None,3,Recurrent,3,Yes,No,No,No prior treatment,0,1,0,0,0,0,0,0,1,2,SNRI,Duloxetine,20,Once daily,17,44,20,1,53,20,62.3,1,Mild,5,Probable,29,25,23,9,0,21,47.7,Partial Responder,0
NC-0079,50,Male,21.2,Graduate,Employed,Urban,Tobacco,27,Recurrent,3,Yes,No,No,None,0,0,0,1,0,0,0,0,0,1,SNRI,Duloxetine,150,Twice daily,5,51,16,3,69,19,72.5,0,None,1,Possible,39,30,26,6,2,25,49.0,Partial Responder,0
NC-0080,56,Male,17.4,Secondary,Retired,Urban,None,25,Recurrent,7,Yes,No,No,No prior treatment,0,0,0,0,0,0,0,0,0,0,TCA,Imipramine,150,Twice daily,14,33,11,4,72,12,83.3,1,Severe,8,Probable,24,18,16,5,2,17,51.5,Responder,1
NC-0081,71,Female,21.0,Postgraduate,Homemaker,Urban,Alcohol,35,First,0,No,No,No,No prior treatment,1,0,1,0,1,0,0,1,1,5,SSRI,Fluoxetine,25,Twice daily,13,33,7,4,61,14,77.0,1,Mild,9,Definite,27,25,21,6,5,12,36.4,Partial Responder,0
NC-0082,42,Female,25.5,Secondary,Unemployed,Semi-urban,None,91,Recurrent,6,No,Yes,Yes,No prior treatment,1,0,0,0,0,0,0,0,0,1,SSRI,Fluoxetine,100,Twice daily,22,46,20,6,41,8,80.5,1,Mild,8,Probable,30,26,24,9,8,22,47.8,Partial Responder,0
NC-0083,27,Male,23.7,Primary,Employed,Semi-urban,Tobacco,72,First,0,Yes,Yes,Yes,No prior treatment,0,0,0,0,0,0,0,0,0,0,Other,Mirtazapine,100,Once daily,12,53,17,3,85,4,95.3,0,None,0,Doubtful,27,25,19,8,4,34,64.2,Responder,1
NC-0084,65,Female,23.4,Graduate,Employed,Urban,Alcohol,118,Recurrent,4,Yes,No,No,No prior treatment,0,0,1,0,0,0,0,0,0,1,SNRI,Desvenlafaxine,10,Once daily,6,51,15,2,49,0,100.0,0,None,1,Possible,38,30,24,8,0,27,52.9,Responder,1
NC-0085,53,Female,23.8,Postgraduate,Unemployed,Urban,Both,42,Recurrent,3,No,No,No,None,0,0,0,0,0,0,0,0,0,0,SSRI,Sertraline,20,Twice daily,17,46,18,9,88,16,81.8,0,None,0,Doubtful,20,17,15,16,7,31,67.4,Responder,1
NC-0086,57,Female,25.4,Secondary,Employed,Semi-urban,None,111,Recurrent,6,Yes,No,No,No prior treatment,0,0,0,0,0,0,0,0,0,0,TCA,Imipramine,75,Once daily,6,44,14,4,86,0,100.0,0,None,1,Possible,30,29,24,7,2,20,45.5,Partial Responder,0
NC-0087,23,Female,20.3,Secondary,Unemployed,Semi-urban,None,6,First,0,No,Yes,No,Good,0,0,0,0,0,0,0,0,1,1,SSRI,Fluoxetine,75,Twice daily,22,46,8,2,40,2,95.0,0,None,1,Possible,27,21,16,3,2,30,65.2,Responder,1
NC-0088,35,Male,27.5,Secondary,Student,Rural,None,61,Recurrent,2,No,No,Yes,No prior treatment,0,0,0,0,0,0,0,0,0,0,TCA,Imipramine,100,Twice daily,11,52,8,6,76,19,75.0,0,None,0,Doubtful,36,27,22,8,7,30,57.7,Responder,1
NC-0089,61,Male,27.3,Graduate,Employed,Urban,None,96,First,0,No,No,No,No prior treatment,1,0,0,0,0,0,1,0,0,2,SNRI,Duloxetine,25,Twice daily,19,20,6,5,71,14,80.3,0,None,0,Doubtful,11,10,9,6,3,11,55.0,Responder,1
NC-0090,65,Female,26.1,Graduate,Employed,Rural,None,64,First,0,Yes,No,No,Good,0,0,0,0,0,0,1,0,0,1,Other,Mirtazapine,150,Once daily,17,40,6,6,51,12,76.5,0,None,0,Doubtful,28,25,19,3,8,21,52.5,Responder,1
NC-0091,42,Female,26.8,Secondary,Employed,Urban,Both,112,First,0,No,Yes,No,No prior treatment,0,0,0,0,0,0,0,0,1,1,Other,Mirtazapine,50,Twice daily,13,21,16,2,80,5,93.8,1,Mild,2,Possible,9,8,7,9,1,14,66.7,Responder,1
NC-0092,63,Female,25.7,Primary,Homemaker,Urban,Both,38,Recurrent,2,Yes,No,Yes,No prior treatment,0,0,0,0,0,0,0,0,0,0,SSRI,Sertraline,20,Once daily,15,40,18,7,45,3,93.3,1,Mild,5,Probable,12,11,10,9,7,30,75.0,Responder,1
NC-0093,65,Female,33.0,Graduate,Student,Urban,None,4,First,0,No,Yes,No,Partial,0,0,0,0,0,0,0,0,0,0,TCA,Imipramine,10,Once daily,7,33,7,2,52,11,78.8,0,None,1,Possible,18,16,14,6,3,19,57.6,Responder,1
NC-0094,40,Male,24.1,Postgraduate,Employed,Urban,Tobacco,93,Recurrent,7,No,No,No,None,1,0,0,1,0,0,0,0,0,2,SSRI,Paroxetine,200,Once daily,5,30,14,9,87,8,90.8,1,Mild,2,Possible,19,14,11,8,9,19,63.3,Responder,1
NC-0095,69,Male,23.2,Graduate,Homemaker,Urban,Alcohol,9,First,0,No,No,No,No prior treatment,0,0,0,0,0,0,0,0,0,0,SNRI,Desvenlafaxine,100,Once daily,19,51,6,4,77,13,83.1,0,None,1,Possible,49,42,39,6,4,12,23.5,Non-Responder,0
NC-0096,34,Female,21.3,Graduate,Unemployed,Urban,Both,92,Recurrent,6,No,No,No,No prior treatment,1,0,0,0,0,0,0,1,0,2,SNRI,Desvenlafaxine,50,Three times daily,23,44,11,4,45,4,91.1,0,None,1,Possible,33,32,25,10,3,19,43.2,Partial Responder,0
NC-0097,31,Female,20.2,Secondary,Unemployed,Semi-urban,None,88,Recurrent,7,Yes,No,No,Good,1,0,0,0,0,0,0,0,0,1,SSRI,Sertraline,20,Three times daily,21,39,17,4,47,5,89.4,1,Moderate,6,Probable,21,18,17,13,4,22,56.4,Responder,1
NC-0098,56,Male,19.3,Secondary,Homemaker,Urban,None,101,First,0,No,No,No,Partial,1,0,1,0,0,0,1,0,0,3,SSRI,Escitalopram,10,Once daily,10,50,17,4,52,2,96.2,0,None,0,Doubtful,25,24,22,6,3,28,56.0,Responder,1
NC-0099,54,Male,20.8,Secondary,Employed,Urban,Alcohol,57,First,0,No,Yes,No,No prior treatment,0,0,0,0,1,0,0,0,0,1,SSRI,Paroxetine,20,Twice daily,11,23,20,7,43,10,76.7,0,None,0,Doubtful,11,10,7,20,6,16,69.6,Responder,1
NC-0100,25,Female,24.2,Graduate,Employed,Urban,None,107,First,0,Yes,Yes,No,Partial,0,0,0,0,0,0,0,0,0,0,SSRI,Paroxetine,10,Once daily,11,42,9,5,49,6,87.8,0,None,1,Possible,17,13,12,8,6,30,71.4,Responder,1
NC-0101,65,Male,25.9,Postgraduate,Unemployed,Urban,None,21,Recurrent,7,No,No,No,Partial,1,1,0,0,0,0,0,0,0,2,SSRI,Sertraline,75,Twice daily,18,25,20,1,68,5,92.6,0,None,1,Possible,19,16,14,19,3,11,44.0,Partial Responder,0
NC-0102,29,Female,24.7,Postgraduate,Employed,Urban,Both,52,First,0,No,No,No,Good,1,1,0,0,1,1,0,0,0,4,Other,Agomelatine,20,Twice daily,16,28,17,6,40,13,67.5,0,None,1,Possible,15,13,11,7,8,17,60.7,Responder,1
NC-0103,63,Male,21.3,Postgraduate,Student,Urban,Both,15,Recurrent,3,No,Yes,No,Good,0,0,0,0,0,0,0,0,0,0,SNRI,Desvenlafaxine,20,Once daily,19,26,10,2,54,12,77.8,0,None,1,Possible,10,7,5,8,1,21,80.8,Responder,1
NC-0104,18,Male,28.3,Postgraduate,Employed,Urban,Alcohol,92,Recurrent,2,No,Yes,No,None,1,0,1,1,0,0,1,0,0,4,TCA,Imipramine,25,Once daily,22,39,10,1,55,5,90.9,0,None,1,Possible,26,21,18,9,0,21,53.8,Responder,1
NC-0105,63,Female,27.6,Postgraduate,Employed,Semi-urban,Tobacco,85,Recurrent,5,No,No,No,No prior treatment,0,0,0,0,0,0,0,0,0,0,TCA,Amitriptyline,100,Once daily,11,42,6,9,88,17,80.7,0,None,0,Doubtful,16,14,13,6,7,29,69.0,Responder,1
NC-0106,62,Male,23.8,Primary,Employed,Rural,None,96,Recurrent,7,No,Yes,No,None,0,1,0,0,0,0,1,0,0,2,SNRI,Venlafaxine,50,Once daily,17,46,19,3,88,8,90.9,0,None,0,Doubtful,28,22,21,15,2,25,54.3,Responder,1
NC-0107,62,Male,21.8,Secondary,Unemployed,Urban,None,91,Recurrent,7,Yes,Yes,No,No prior treatment,1,0,1,0,0,1,0,1,1,5,SSRI,Paroxetine,20,Three times daily,14,35,8,6,82,8,90.2,0,None,1,Possible,27,22,18,6,6,17,48.6,Partial Responder,0
NC-0108,55,Male,26.8,Secondary,Employed,Semi-urban,None,37,Recurrent,4,Yes,No,No,None,0,0,0,0,0,0,0,0,0,0,TCA,Imipramine,100,Once daily,23,52,9,1,57,11,80.7,1,Moderate,2,Possible,56,51,46,6,0,6,11.5,Non-Responder,0
NC-0109,44,Male,25.3,Graduate,Employed,Rural,None,9,First,0,Yes,No,No,Partial,0,0,1,0,0,0,0,0,0,1,SNRI,Venlafaxine,50,Once daily,11,33,11,3,66,3,95.5,1,Severe,8,Probable,20,18,16,9,4,17,51.5,Responder,1
NC-0110,58,Male,18.4,Primary,Homemaker,Rural,None,111,Recurrent,3,No,No,No,Good,1,0,0,0,0,0,0,0,0,1,SNRI,Venlafaxine,20,Once daily,7,25,7,4,65,10,84.6,0,None,1,Possible,16,14,12,7,2,13,52.0,Responder,1
NC-0111,33,Male,24.2,Postgraduate,Employed,Semi-urban,Tobacco,59,First,0,No,No,No,Good,1,0,0,0,0,0,0,0,1,2,Other,Agomelatine,100,Three times daily,11,21,17,1,83,14,83.1,1,Mild,4,Possible,19,18,15,13,1,6,28.6,Partial Responder,0
NC-0112,62,Male,25.6,Graduate,Employed,Rural,None,12,Recurrent,4,No,Yes,No,Partial,1,1,1,0,0,0,0,0,0,3,SNRI,Venlafaxine,200,Once daily,16,24,16,10,77,3,96.1,0,None,1,Possible,22,21,17,8,9,7,29.2,Partial Responder,0
NC-0113,49,Male,20.7,Graduate,Employed,Rural,Tobacco,111,Recurrent,3,Yes,No,No,Good,0,1,0,0,0,0,1,0,0,2,SNRI,Venlafaxine,75,Twice daily,23,35,7,3,85,14,83.5,0,None,1,Possible,14,12,11,2,3,24,68.6,Responder,1
NC-0114,44,Female,25.3,Secondary,Employed,Semi-urban,None,119,Recurrent,3,Yes,No,No,Good,1,0,0,1,0,0,0,0,0,2,TCA,Imipramine,20,Twice daily,20,34,7,6,67,0,100.0,0,None,0,Doubtful,14,11,9,5,4,25,73.5,Responder,1
NC-0115,46,Female,18.4,Secondary,Employed,Urban,None,54,Recurrent,1,No,No,No,Good,0,0,0,0,0,0,0,0,0,0,SSRI,Sertraline,25,Once daily,4,49,5,6,85,15,82.4,0,None,0,Doubtful,19,17,13,5,6,36,73.5,Responder,1
NC-0116,50,Male,30.1,Secondary,Student,Urban,None,92,First,0,Yes,Yes,No,No prior treatment,0,0,0,0,0,0,0,0,1,1,TCA,Nortriptyline,75,Once daily,14,24,20,4,77,0,100.0,1,Mild,9,Definite,11,8,7,8,5,17,70.8,Responder,1
NC-0117,20,Male,29.7,Postgraduate,Employed,Urban,None,5,Recurrent,5,Yes,Yes,No,None,0,0,0,0,0,0,0,0,1,1,SSRI,Fluoxetine,200,Once daily,7,29,11,6,76,4,94.7,1,Mild,8,Probable,25,24,19,7,8,10,34.5,Partial Responder,0
NC-0118,25,Female,23.4,Graduate,Homemaker,Urban,Alcohol,12,First,0,No,Yes,No,No prior treatment,1,0,0,1,0,0,0,0,0,2,SSRI,Sertraline,200,Once daily,11,54,15,6,73,8,89.0,0,None,0,Doubtful,40,35,26,15,5,28,51.9,Responder,1
NC-0119,31,Female,26.0,Graduate,Homemaker,Urban,None,33,Recurrent,7,Yes,No,No,No prior treatment,1,0,0,0,0,0,0,0,0,1,SNRI,Venlafaxine,200,Twice daily,22,20,7,0,56,15,73.2,0,None,0,Doubtful,20,16,12,5,0,8,40.0,Partial Responder,0
NC-0120,24,Female,15.0,Secondary,Employed,Urban,None,79,Recurrent,1,Yes,No,No,None,1,1,0,0,0,0,0,0,0,2,SSRI,Paroxetine,150,Twice daily,23,34,8,7,70,17,75.7,0,None,1,Possible,24,21,19,4,8,15,44.1,Partial Responder,0
NC-0121,43,Male,19.6,Graduate,Employed,Semi-urban,Tobacco,16,First,0,No,No,Yes,Good,0,1,0,0,0,0,0,0,0,1,Other,Bupropion,75,Once daily,7,26,13,1,57,11,80.7,0,None,0,Doubtful,16,14,13,8,1,13,50.0,Responder,1
NC-0122,56,Male,23.3,Graduate,Employed,Semi-urban,None,5,First,0,No,No,No,None,0,0,0,0,0,0,0,1,1,2,SSRI,Paroxetine,100,Once daily,6,38,8,4,72,3,95.8,0,None,0,Doubtful,25,24,20,5,4,18,47.4,Partial Responder,0
NC-0123,55,Male,20.0,Graduate,Student,Rural,None,80,First,0,Yes,No,No,Good,0,0,0,0,0,0,0,0,0,0,SNRI,Duloxetine,100,Once daily,17,54,14,4,52,9,82.7,1,Moderate,6,Probable,21,16,12,6,3,42,77.8,Responder,1
NC-0124,44,Male,27.5,Graduate,Employed,Urban,None,92,First,0,No,No,Yes,None,0,0,0,1,0,0,0,0,0,1,SSRI,Escitalopram,100,Once daily,12,27,19,4,79,19,75.9,1,Moderate,9,Definite,26,25,23,16,6,4,14.8,Non-Responder,0
NC-0125,66,Female,32.9,Secondary,Homemaker,Urban,None,88,First,0,No,Yes,No,Partial,0,0,0,0,0,1,0,0,0,1,Other,Agomelatine,100,Twice daily,12,32,9,0,68,2,97.1,1,Mild,6,Probable,23,17,13,7,1,19,59.4,Responder,1
NC-0126,50,Male,19.6,Postgraduate,Retired,Semi-urban,Tobacco,96,Recurrent,5,No,No,No,None,0,0,0,0,0,0,0,0,0,0,SSRI,Escitalopram,20,Twice daily,21,35,14,7,75,17,77.3,0,None,1,Possible,24,22,21,11,9,14,40.0,Partial Responder,0
NC-0127,22,Male,21.0,Secondary,Retired,Rural,None,96,Recurrent,5,No,No,No,Partial,1,0,0,0,1,0,0,0,0,2,SSRI,Paroxetine,200,Twice daily,22,47,19,4,51,9,82.4,0,None,0,Doubtful,39,38,33,15,5,14,29.8,Partial Responder,0
NC-0128,61,Male,25.5,Postgraduate,Unemployed,Rural,None,72,First,0,No,Yes,No,No prior treatment,1,0,0,0,0,0,0,0,0,1,SSRI,Fluoxetine,10,Once daily,22,54,19,0,79,0,100.0,0,None,0,Doubtful,48,40,32,7,0,22,40.7,Partial Responder,0
NC-0129,50,Female,31.3,Secondary,Homemaker,Rural,None,62,Recurrent,2,No,No,No,No prior treatment,1,1,0,0,0,0,0,0,0,2,SNRI,Venlafaxine,50,Once daily,19,23,5,0,80,17,78.8,1,Mild,6,Probable,24,18,15,2,0,8,34.8,Partial Responder,0
NC-0130,54,Male,19.4,Secondary,Employed,Rural,None,102,Recurrent,4,No,No,No,No prior treatment,0,0,0,0,0,0,0,0,0,0,Other,Agomelatine,50,Once daily,23,37,6,5,47,0,100.0,0,None,1,Possible,29,27,22,3,3,15,40.5,Partial Responder,0
NC-0131,50,Female,25.5,Postgraduate,Employed,Urban,None,42,First,0,No,No,No,None,0,0,1,0,0,0,0,0,0,1,Other,Mirtazapine,200,Three times daily,18,46,20,7,57,9,84.2,0,None,1,Possible,26,24,22,9,8,24,52.2,Responder,1
NC-0132,49,Male,32.1,Secondary,Employed,Urban,Alcohol,12,First,0,Yes,No,Yes,None,0,0,1,0,0,0,0,0,1,2,SSRI,Sertraline,10,Twice daily,21,20,19,6,73,4,94.5,0,None,1,Possible,16,13,10,17,7,10,50.0,Responder,1
NC-0133,23,Female,17.6,Graduate,Homemaker,Urban,None,90,First,0,Yes,Yes,No,Good,0,1,0,0,0,0,0,0,0,1,SSRI,Sertraline,50,Three times daily,14,48,10,7,83,14,83.1,1,Moderate,3,Possible,31,27,26,4,6,22,45.8,Partial Responder,0
NC-0134,49,Male,19.1,Graduate,Unemployed,Semi-urban,Tobacco,33,First,0,No,Yes,No,No prior treatment,0,0,1,0,1,0,0,0,0,2,SSRI,Fluoxetine,25,Once daily,5,28,13,8,76,1,98.7,1,Mild,7,Probable,19,18,16,11,6,12,42.9,Partial Responder,0
NC-0135,63,Female,22.7,Secondary,Retired,Rural,None,117,Recurrent,2,Yes,Yes,No,None,0,0,1,0,0,0,0,0,0,1,SNRI,Duloxetine,10,Once daily,20,38,14,9,63,2,96.8,1,Moderate,5,Probable,25,19,18,7,10,20,52.6,Responder,1
NC-0136,35,Female,22.3,Graduate,Employed,Urban,None,50,Recurrent,6,No,No,No,Partial,0,0,0,0,1,0,0,0,0,1,SNRI,Duloxetine,20,Twice daily,22,54,15,10,54,13,75.9,0,None,0,Doubtful,31,28,27,7,9,27,50.0,Responder,1
NC-0137,52,Female,27.9,Postgraduate,Homemaker,Semi-urban,None,102,First,0,No,No,No,Partial,0,0,0,0,0,1,0,0,0,1,SSRI,Sertraline,50,Once daily,10,42,17,9,85,24,71.8,1,Moderate,2,Possible,32,27,21,8,9,21,50.0,Responder,1
NC-0138,19,Female,25.5,Postgraduate,Unemployed,Urban,Alcohol,6,Recurrent,2,No,Yes,No,No prior treatment,0,1,0,0,1,1,0,1,0,4,SNRI,Desvenlafaxine,200,Once daily,12,54,10,8,83,0,100.0,0,None,0,Doubtful,45,35,30,7,6,24,44.4,Partial Responder,0
NC-0139,37,Female,17.0,Secondary,Unemployed,Urban,Alcohol,79,First,0,Yes,No,No,None,0,0,0,0,0,1,0,0,0,1,TCA,Amitriptyline,50,Once daily,15,41,19,4,84,11,86.9,0,None,1,Possible,28,26,25,16,2,16,39.0,Partial Responder,0
NC-0140,42,Female,26.7,Graduate,Homemaker,Urban,None,54,Recurrent,6,No,Yes,No,None,0,1,0,0,0,0,1,0,0,2,SSRI,Fluoxetine,200,Three times daily,17,27,5,5,55,20,63.6,0,None,1,Possible,8,6,5,4,7,22,81.5,Responder,1
NC-0141,74,Female,22.1,Secondary,Employed,Urban,None,56,Recurrent,6,No,Yes,No,None,0,0,0,0,0,0,0,0,0,0,SSRI,Escitalopram,100,Once daily,17,44,5,6,61,7,88.5,0,None,1,Possible,26,25,19,2,7,25,56.8,Responder,1
NC-0142,30,Male,29.9,Secondary,Employed,Rural,Alcohol,32,First,0,Yes,No,No,None,0,0,0,0,0,0,0,0,0,0,SSRI,Escitalopram,150,Three times daily,11,41,20,1,52,12,76.9,0,None,1,Possible,31,27,22,16,0,19,46.3,Partial Responder,0
NC-0143,33,Female,21.9,Secondary,Unemployed,Urban,None,116,First,0,Yes,No,No,None,0,0,1,1,0,0,0,0,0,2,SSRI,Fluoxetine,150,Once daily,21,30,7,7,87,20,77.0,1,Moderate,9,Definite,19,16,12,6,5,18,60.0,Responder,1
NC-0144,41,Female,21.8,Postgraduate,Employed,Rural,None,47,Recurrent,5,Yes,No,No,Partial,0,0,0,0,0,0,0,0,0,0,SSRI,Escitalopram,100,Once daily,20,22,20,6,83,18,78.3,0,None,0,Doubtful,12,10,9,12,6,13,59.1,Responder,1
NC-0145,74,Female,26.8,Postgraduate,Employed,Semi-urban,None,102,Recurrent,3,Yes,No,No,None,0,0,0,1,0,0,0,0,0,1,SNRI,Desvenlafaxine,100,Once daily,22,42,9,5,48,7,85.4,0,None,1,Possible,35,29,25,4,6,17,40.5,Partial Responder,0
NC-0146,66,Female,27.7,Graduate,Employed,Urban,Tobacco,51,First,0,Yes,No,No,No prior treatment,1,0,0,0,0,0,0,0,0,1,SSRI,Escitalopram,20,Once daily,15,40,10,9,52,18,65.4,1,Moderate,4,Possible,31,29,26,5,9,14,35.0,Partial Responder,0
NC-0147,19,Male,26.4,Graduate,Employed,Urban,Tobacco,6,First,0,No,Yes,No,Good,0,0,0,0,0,0,0,0,0,0,SNRI,Venlafaxine,100,Three times daily,5,47,5,7,67,16,76.1,1,Mild,6,Probable,18,16,15,2,9,32,68.1,Responder,1
NC-0148,31,Female,17.4,Graduate,Homemaker,Rural,None,105,First,0,No,Yes,No,No prior treatment,0,1,0,0,1,0,0,0,0,2,TCA,Nortriptyline,10,Three times daily,20,24,20,10,60,12,80.0,0,None,0,Doubtful,13,12,9,20,10,15,62.5,Responder,1
NC-0149,64,Male,26.8,Graduate,Unemployed,Urban,Both,23,Recurrent,6,Yes,No,No,Partial,0,1,0,0,0,0,0,0,0,1,Other,Mirtazapine,100,Three times daily,5,38,10,10,62,11,82.3,0,None,1,Possible,18,15,14,6,10,24,63.2,Responder,1
NC-0150,21,Male,20.2,Graduate,Employed,Rural,None,33,Recurrent,7,Yes,No,No,No prior treatment,0,0,0,0,0,0,0,0,0,0,SNRI,Desvenlafaxine,100,Three times daily,7,48,7,9,58,23,60.3,0,None,1,Possible,30,24,18,5,8,30,62.5,Responder,1
NC-0151,66,Female,25.5,Graduate,Employed,Urban,None,103,Recurrent,3,Yes,No,No,None,0,0,0,0,0,0,0,0,0,0,SSRI,Sertraline,150,Twice daily,9,51,12,3,73,21,71.2,0,None,0,Doubtful,35,27,20,11,4,31,60.8,Responder,1
NC-0152,34,Male,18.5,Secondary,Unemployed,Semi-urban,None,107,Recurrent,6,No,No,Yes,No prior treatment,1,1,0,0,0,0,0,0,0,2,SSRI,Paroxetine,100,Once daily,7,52,7,2,84,24,71.4,1,Mild,8,Probable,41,38,30,4,4,22,42.3,Partial Responder,0
NC-0153,70,Male,26.4,Secondary,Student,Rural,None,110,Recurrent,7,Yes,No,No,None,0,0,0,0,0,1,0,0,0,1,SSRI,Paroxetine,25,Twice daily,18,27,17,3,85,16,81.2,0,None,0,Doubtful,19,16,13,14,1,14,51.9,Responder,1
NC-0154,34,Male,21.1,Postgraduate,Homemaker,Urban,None,51,Recurrent,6,No,No,No,No prior treatment,0,1,0,0,1,0,0,0,0,2,Other,Mirtazapine,25,Once daily,12,26,6,7,62,8,87.1,0,None,0,Doubtful,17,14,11,2,8,15,57.7,Responder,1
NC-0155,42,Male,19.1,Graduate,Homemaker,Urban,None,91,First,0,Yes,No,No,None,0,0,0,0,0,0,0,0,0,0,Other,Mirtazapine,75,Twice daily,8,40,12,9,81,2,97.5,0,None,1,Possible,22,19,16,8,10,24,60.0,Responder,1
NC-0156,55,Male,27.5,Postgraduate,Employed,Rural,None,40,Recurrent,5,Yes,Yes,Yes,No prior treatment,0,0,0,0,0,0,0,1,0,1,SSRI,Fluoxetine,50,Once daily,4,36,11,9,74,3,95.9,0,None,1,Possible,19,16,12,5,9,24,66.7,Responder,1
NC-0157,25,Male,25.5,Secondary,Employed,Urban,Tobacco,89,First,0,No,Yes,No,No prior treatment,0,0,0,0,0,0,0,0,0,0,SSRI,Paroxetine,25,Twice daily,8,28,5,7,49,23,53.1,0,None,0,Doubtful,19,17,13,2,8,15,53.6,Responder,1
NC-0158,49,Female,21.9,Graduate,Unemployed,Urban,None,60,First,0,Yes,Yes,No,Partial,0,0,0,1,0,0,0,0,0,1,SNRI,Venlafaxine,50,Once daily,17,23,5,7,79,9,88.6,1,Mild,3,Possible,19,17,15,3,6,8,34.8,Partial Responder,0
NC-0159,46,Male,30.6,Secondary,Unemployed,Urban,None,7,Recurrent,1,Yes,Yes,No,Partial,0,0,0,1,0,0,0,0,0,1,SSRI,Escitalopram,75,Once daily,19,25,13,10,57,2,96.5,0,None,0,Doubtful,13,12,9,11,8,16,64.0,Responder,1
NC-0160,62,Female,22.6,Secondary,Unemployed,Urban,Tobacco,50,Recurrent,7,Yes,No,Yes,None,1,0,0,0,0,0,0,0,0,1,Other,Bupropion,20,Once daily,9,31,11,7,71,5,93.0,1,Mild,5,Probable,16,12,11,9,9,20,64.5,Responder,1
NC-0161,74,Female,24.6,Primary,Student,Semi-urban,Tobacco,56,Recurrent,2,No,No,Yes,Partial,1,1,0,0,0,0,0,0,0,2,SSRI,Escitalopram,100,Once daily,5,45,7,1,76,0,100.0,0,None,0,Doubtful,24,21,20,6,0,25,55.6,Responder,1
NC-0162,55,Female,25.6,Secondary,Unemployed,Semi-urban,Tobacco,31,Recurrent,3,No,No,No,Partial,1,1,0,0,0,0,0,0,0,2,SSRI,Sertraline,25,Once daily,15,22,7,5,87,13,85.1,1,Moderate,3,Possible,17,13,12,3,6,10,45.5,Partial Responder,0
NC-0163,41,Male,21.9,Postgraduate,Employed,Urban,Alcohol,45,Recurrent,2,No,No,No,Partial,0,0,1,0,0,0,0,1,0,2,SSRI,Escitalopram,25,Once daily,19,23,17,3,87,14,83.9,0,None,0,Doubtful,16,15,13,18,2,10,43.5,Partial Responder,0
NC-0164,41,Female,26.5,Secondary,Employed,Rural,Tobacco,60,Recurrent,6,No,Yes,No,None,1,0,0,0,1,0,1,0,0,3,SSRI,Paroxetine,50,Once daily,5,29,16,7,80,9,88.8,0,None,1,Possible,24,21,19,7,6,10,34.5,Partial Responder,0
NC-0165,41,Female,22.3,Graduate,Employed,Urban,None,6,First,0,Yes,No,No,Good,0,0,0,0,0,0,0,0,1,1,SSRI,Paroxetine,10,Once daily,19,50,14,6,65,18,72.3,0,None,0,Doubtful,35,29,26,13,7,24,48.0,Partial Responder,0
NC-0166,64,Female,22.8,Graduate,Employed,Urban,None,19,First,0,No,No,No,No prior treatment,0,0,0,0,0,0,0,0,0,0,TCA,Amitriptyline,75,Once daily,7,54,18,3,60,12,80.0,0,None,0,Doubtful,49,46,45,16,2,9,16.7,Non-Responder,0
NC-0167,36,Female,30.2,Graduate,Employed,Semi-urban,Tobacco,92,Recurrent,1,Yes,Yes,No,None,1,0,0,0,0,0,0,0,0,1,SSRI,Fluoxetine,100,Twice daily,9,35,6,3,62,23,62.9,1,Severe,9,Definite,26,22,21,4,5,14,40.0,Partial Responder,0
NC-0168,27,Female,20.1,Graduate,Retired,Rural,None,42,First,0,No,No,No,No prior treatment,0,1,0,0,0,0,0,0,0,1,SNRI,Duloxetine,200,Once daily,16,21,16,0,87,19,78.2,1,Moderate,6,Probable,15,12,10,11,0,11,52.4,Responder,1
NC-0169,37,Female,15.0,Secondary,Employed,Urban,None,73,Recurrent,7,No,No,No,Good,1,0,0,0,0,0,0,0,0,1,SSRI,Fluoxetine,25,Once daily,5,20,17,3,50,1,98.0,0,None,1,Possible,11,9,8,15,1,12,60.0,Responder,1
NC-0170,19,Male,31.3,Postgraduate,Employed,Urban,None,68,First,0,Yes,No,No,None,1,0,0,0,0,1,0,0,0,2,SSRI,Paroxetine,75,Once daily,10,50,8,9,66,6,90.9,0,None,0,Doubtful,41,31,29,7,7,21,42.0,Partial Responder,0
NC-0171,24,Female,35.2,Postgraduate,Unemployed,Urban,None,66,First,0,No,No,No,Good,0,0,0,0,0,1,0,0,0,1,SSRI,Fluoxetine,75,Once daily,6,35,13,7,73,18,75.3,0,None,0,Doubtful,9,8,6,6,6,29,82.9,Responder,1
NC-0172,23,Male,22.8,Graduate,Retired,Rural,None,50,Recurrent,3,Yes,No,No,No prior treatment,0,0,0,0,0,0,0,0,0,0,SSRI,Fluoxetine,100,Once daily,8,22,17,10,41,13,68.3,0,None,1,Possible,16,14,12,16,8,10,45.5,Partial Responder,0
NC-0173,61,Female,16.4,Graduate,Employed,Urban,None,58,First,0,No,No,No,Partial,0,0,0,1,0,0,0,0,0,1,SSRI,Escitalopram,75,Once daily,19,49,14,10,71,18,74.6,1,Moderate,3,Possible,29,27,24,6,9,25,51.0,Responder,1
NC-0174,59,Female,23.2,Secondary,Homemaker,Urban,Alcohol,99,Recurrent,4,Yes,Yes,No,No prior treatment,1,0,0,0,0,0,0,0,0,1,SSRI,Escitalopram,150,Once daily,8,38,8,9,53,8,84.9,0,None,0,Doubtful,25,24,22,6,7,16,42.1,Partial Responder,0
NC-0175,57,Male,23.3,Postgraduate,Homemaker,Semi-urban,Both,115,Recurrent,4,No,No,No,Partial,1,0,0,0,0,0,1,0,0,2,TCA,Imipramine,150,Once daily,4,32,15,1,54,0,100.0,1,Mild,2,Possible,14,13,10,12,2,22,68.8,Responder,1
NC-0176,44,Female,23.7,Secondary,Unemployed,Urban,None,31,First,0,No,No,No,None,0,0,0,1,0,0,1,0,0,2,SNRI,Desvenlafaxine,10,Once daily,8,35,17,3,71,19,73.2,0,None,1,Possible,30,25,20,16,1,15,42.9,Partial Responder,0
NC-0177,58,Male,19.8,Primary,Student,Urban,Both,80,Recurrent,6,Yes,Yes,No,Partial,0,0,0,0,0,0,0,0,0,0,Other,Bupropion,25,Once daily,5,27,5,0,40,19,52.5,1,Severe,4,Possible,20,15,11,3,2,16,59.3,Responder,1
NC-0178,27,Female,26.9,Secondary,Employed,Urban,None,116,Recurrent,2,No,No,Yes,None,0,0,0,1,0,0,0,0,0,1,SSRI,Fluoxetine,100,Once daily,16,52,14,1,47,15,68.1,0,None,0,Doubtful,40,33,29,7,3,23,44.2,Partial Responder,0
NC-0179,69,Male,26.7,Graduate,Homemaker,Urban,Both,1,Recurrent,3,No,No,No,None,0,0,1,0,0,0,0,0,0,1,SNRI,Venlafaxine,75,Twice daily,23,47,13,2,62,10,83.9,0,None,0,Doubtful,32,31,30,9,3,17,36.2,Partial Responder,0
NC-0180,46,Female,18.2,Graduate,Employed,Urban,Both,94,Recurrent,6,No,No,No,Partial,0,0,0,0,0,0,0,0,0,0,SNRI,Duloxetine,50,Once daily,7,26,10,3,69,0,100.0,1,Mild,2,Possible,20,19,18,5,4,8,30.8,Partial Responder,0
NC-0181,71,Male,27.4,Graduate,Homemaker,Rural,None,60,Recurrent,5,Yes,Yes,No,Good,1,0,0,0,0,0,0,0,0,1,SSRI,Paroxetine,20,Twice daily,18,45,5,0,45,18,60.0,0,None,1,Possible,18,16,13,3,1,32,71.1,Responder,1
NC-0182,26,Female,33.1,Graduate,Unemployed,Semi-urban,Tobacco,116,Recurrent,3,No,No,No,Good,0,1,0,0,1,0,0,0,0,2,SSRI,Fluoxetine,75,Once daily,11,26,6,9,58,16,72.4,0,None,1,Possible,13,10,8,4,10,18,69.2,Responder,1
NC-0183,46,Female,25.2,Secondary,Employed,Semi-urban,Both,69,First,0,No,Yes,No,Good,1,0,0,0,0,0,1,0,1,3,SNRI,Venlafaxine,100,Once daily,5,35,17,5,55,16,70.9,0,None,0,Doubtful,24,19,17,16,5,18,51.4,Responder,1
NC-0184,57,Female,23.1,Postgraduate,Employed,Rural,Alcohol,100,Recurrent,3,No,Yes,No,No prior treatment,0,0,0,0,0,0,0,0,0,0,TCA,Nortriptyline,10,Once daily,17,46,18,7,66,4,93.9,0,None,0,Doubtful,27,26,24,10,8,22,47.8,Partial Responder,0
NC-0185,46,Female,23.9,Graduate,Student,Urban,Both,20,Recurrent,4,Yes,Yes,No,None,0,0,0,0,0,0,0,0,0,0,SSRI,Paroxetine,75,Once daily,8,21,11,7,55,18,67.3,1,Severe,2,Possible,14,10,8,5,7,13,61.9,Responder,1
NC-0186,43,Female,27.1,Graduate,Unemployed,Urban,None,17,Recurrent,2,Yes,No,No,Good,0,0,0,0,0,0,0,0,0,0,SSRI,Sertraline,200,Once daily,14,45,20,10,40,18,55.0,1,Moderate,4,Possible,21,18,15,14,10,30,66.7,Responder,1
NC-0187,27,Female,17.2,Primary,Employed,Rural,None,111,Recurrent,2,No,No,No,No prior treatment,1,0,0,0,0,0,0,0,1,2,Other,Bupropion,75,Twice daily,14,27,19,1,66,21,68.2,0,None,0,Doubtful,19,16,12,8,0,15,55.6,Responder,1
NC-0188,39,Male,25.2,Postgraduate,Retired,Urban,Alcohol,63,Recurrent,4,Yes,No,No,Good,0,0,0,0,0,0,0,0,0,0,SSRI,Fluoxetine,200,Twice daily,15,44,15,3,82,14,82.9,1,Moderate,4,Possible,12,9,8,8,1,36,81.8,Responder,1
NC-0189,31,Female,22.9,Secondary,Homemaker,Semi-urban,Tobacco,67,Recurrent,4,No,No,No,None,0,0,0,0,1,0,0,0,0,1,Other,Agomelatine,25,Once daily,6,37,14,3,69,18,73.9,0,None,0,Doubtful,26,23,20,9,5,17,45.9,Partial Responder,0
NC-0190,35,Male,32.3,Primary,Unemployed,Semi-urban,Tobacco,21,Recurrent,6,No,No,No,No prior treatment,0,0,1,1,0,0,0,0,0,2,TCA,Imipramine,10,Once daily,9,20,20,6,58,10,82.8,1,Moderate,3,Possible,13,12,10,14,7,10,50.0,Responder,1
NC-0191,56,Female,23.8,Graduate,Unemployed,Urban,None,27,First,0,Yes,No,No,No prior treatment,1,0,0,1,0,0,0,0,0,2,TCA,Amitriptyline,100,Twice daily,18,46,14,5,64,17,73.4,0,None,0,Doubtful,27,25,24,8,6,22,47.8,Partial Responder,0
NC-0192,53,Male,31.5,Secondary,Employed,Urban,None,98,First,0,Yes,No,No,No prior treatment,0,0,0,0,0,0,0,0,1,1,TCA,Amitriptyline,20,Once daily,22,29,19,8,47,17,63.8,0,None,1,Possible,16,13,11,15,7,18,62.1,Responder,1
NC-0193,52,Female,19.9,Secondary,Retired,Urban,None,37,Recurrent,5,No,No,No,None,0,1,0,0,0,0,0,0,0,1,SSRI,Paroxetine,10,Once daily,4,53,20,6,51,19,62.7,0,None,1,Possible,33,28,27,20,7,26,49.1,Partial Responder,0
NC-0194,38,Female,27.0,Graduate,Employed,Urban,Tobacco,70,Recurrent,1,Yes,Yes,No,No prior treatment,1,0,0,0,0,0,0,0,0,1,SNRI,Desvenlafaxine,20,Twice daily,12,49,8,2,61,21,65.6,0,None,1,Possible,35,34,29,6,2,20,40.8,Partial Responder,0
NC-0195,72,Female,25.8,Graduate,Homemaker,Urban,None,38,Recurrent,6,No,No,No,Good,1,0,0,0,0,0,0,0,0,1,TCA,Nortriptyline,200,Once daily,21,26,15,6,69,0,100.0,1,Mild,7,Probable,11,9,7,9,4,19,73.1,Responder,1
NC-0196,22,Female,20.9,Postgraduate,Employed,Urban,Tobacco,32,First,0,No,No,No,No prior treatment,0,0,0,0,0,0,0,0,0,0,SNRI,Venlafaxine,150,Once daily,9,41,16,10,64,19,70.3,0,None,1,Possible,21,18,17,7,10,24,58.5,Responder,1
NC-0197,37,Female,25.2,Secondary,Unemployed,Semi-urban,Alcohol,20,Recurrent,3,No,No,No,No prior treatment,0,0,0,0,0,0,0,0,0,0,SSRI,Escitalopram,25,Once daily,12,32,18,6,88,19,78.4,0,None,1,Possible,28,25,24,8,8,8,25.0,Partial Responder,0
NC-0198,24,Female,29.6,Graduate,Employed,Rural,None,111,Recurrent,4,Yes,No,No,No prior treatment,0,0,0,0,0,0,0,0,0,0,SSRI,Sertraline,75,Once daily,22,41,10,6,71,13,81.7,1,Mild,6,Probable,28,22,21,7,8,20,48.8,Partial Responder,0
NC-0199,37,Female,23.1,Graduate,Employed,Rural,None,112,Recurrent,3,No,No,No,Partial,0,0,0,0,0,0,0,0,0,0,SSRI,Escitalopram,25,Once daily,23,39,18,1,41,12,70.7,0,None,1,Possible,31,23,21,15,1,18,46.2,Partial Responder,0
NC-0200,72,Female,17.4,Graduate,Retired,Urban,None,14,Recurrent,5,No,No,No,Good,0,0,0,0,0,0,0,0,0,0,SSRI,Sertraline,20,Twice daily,17,30,12,0,66,18,72.7,0,None,1,Possible,13,12,10,5,0,20,66.7,Responder,1
NC-0201,38,Female,24.4,Graduate,Unemployed,Urban,Both,43,Recurrent,4,Yes,No,Yes,No prior treatment,0,0,0,0,0,0,0,0,0,0,SNRI,Duloxetine,200,Once daily,17,42,11,2,69,11,84.1,1,Mild,6,Probable,33,29,23,5,0,19,45.2,Partial Responder,0
NC-0202,69,Male,20.7,Graduate,Unemployed,Urban,Tobacco,68,Recurrent,4,No,No,No,None,0,0,0,0,0,0,0,0,0,0,TCA,Amitriptyline,150,Once daily,16,29,7,0,42,10,76.2,1,Mild,5,Probable,22,17,14,4,1,15,51.7,Responder,1
NC-0203,46,Male,23.1,Postgraduate,Homemaker,Urban,None,46,Recurrent,2,No,No,No,None,0,0,0,0,0,0,0,0,1,1,TCA,Amitriptyline,25,Once daily,9,51,10,4,59,20,66.1,0,None,0,Doubtful,33,27,26,6,6,25,49.0,Partial Responder,0
NC-0204,57,Male,24.2,Secondary,Homemaker,Rural,None,86,Recurrent,3,No,Yes,No,No prior treatment,0,0,0,0,0,0,0,0,0,0,SNRI,Duloxetine,25,Twice daily,21,53,20,9,83,19,77.1,1,Moderate,8,Probable,24,23,19,21,7,34,64.2,Responder,1
NC-0205,44,Female,17.3,Secondary,Homemaker,Urban,None,31,Recurrent,4,No,No,No,None,0,0,1,0,0,0,0,0,0,1,SSRI,Fluoxetine,150,Once daily,4,25,16,4,57,5,91.2,1,Moderate,5,Probable,15,13,12,8,5,13,52.0,Responder,1
NC-0206,33,Male,17.7,Graduate,Employed,Urban,None,8,Recurrent,4,Yes,Yes,No,Partial,0,0,0,0,1,0,1,0,0,2,SSRI,Fluoxetine,50,Twice daily,5,45,16,7,62,20,67.7,1,Mild,8,Probable,15,13,12,7,5,33,73.3,Responder,1
NC-0207,61,Female,26.5,Postgraduate,Unemployed,Rural,Both,41,First,0,Yes,No,No,None,0,1,0,0,0,0,0,0,0,1,SSRI,Sertraline,50,Once daily,16,52,19,9,51,8,84.3,0,None,1,Possible,44,33,32,12,10,20,38.5,Partial Responder,0
NC-0208,73,Female,22.3,Primary,Homemaker,Urban,Tobacco,72,First,0,Yes,No,No,Good,1,0,0,0,0,0,0,0,0,1,SSRI,Sertraline,50,Once daily,20,24,9,8,43,3,93.0,1,Moderate,2,Possible,14,13,12,4,6,12,50.0,Responder,1
NC-0209,33,Male,15.0,Graduate,Employed,Urban,None,22,Recurrent,2,Yes,Yes,Yes,Good,0,0,0,0,0,0,0,0,0,0,SSRI,Fluoxetine,50,Once daily,20,45,15,7,55,21,61.8,1,Mild,7,Probable,16,15,13,7,9,32,71.1,Responder,1
NC-0210,62,Female,27.8,Postgraduate,Employed,Urban,Alcohol,98,Recurrent,4,No,Yes,No,Good,0,0,0,0,0,0,0,0,0,0,SSRI,Escitalopram,75,Once daily,17,52,10,8,78,5,93.6,0,None,0,Doubtful,26,23,20,6,6,32,61.5,Responder,1
NC-0211,32,Female,25.6,Graduate,Retired,Semi-urban,None,2,Recurrent,1,Yes,No,No,No prior treatment,0,0,1,0,0,0,0,0,0,1,SSRI,Paroxetine,10,Once daily,11,27,18,3,89,5,94.4,1,Mild,3,Possible,19,15,14,11,3,13,48.1,Partial Responder,0
NC-0212,58,Male,21.5,Postgraduate,Unemployed,Semi-urban,Alcohol,9,First,0,No,Yes,No,No prior treatment,0,1,0,0,0,0,0,0,0,1,SNRI,Desvenlafaxine,50,Twice daily,11,40,11,4,73,6,91.8,1,Moderate,4,Possible,27,24,19,5,5,21,52.5,Responder,1
NC-0213,62,Male,19.0,Graduate,Unemployed,Urban,None,61,Recurrent,6,Yes,No,No,None,0,0,0,0,0,0,0,0,0,0,SSRI,Escitalopram,50,Three times daily,12,47,18,4,81,12,85.2,0,None,0,Doubtful,25,23,18,14,6,29,61.7,Responder,1
NC-0214,43,Male,28.0,Graduate,Homemaker,Rural,Tobacco,61,First,0,Yes,No,No,Partial,0,0,0,0,0,0,0,0,0,0,SSRI,Paroxetine,25,Twice daily,9,31,16,8,72,4,94.4,1,Moderate,2,Possible,26,24,23,12,7,8,25.8,Partial Responder,0
NC-0215,60,Male,26.0,Secondary,Student,Rural,Both,36,Recurrent,5,No,Yes,No,No prior treatment,1,0,0,0,0,0,0,0,0,1,SSRI,Escitalopram,25,Once daily,12,28,17,4,72,3,95.8,0,None,0,Doubtful,21,20,18,7,6,10,35.7,Partial Responder,0
NC-0216,33,Male,34.5,Postgraduate,Unemployed,Rural,None,31,Recurrent,6,Yes,Yes,No,No prior treatment,0,1,0,0,0,0,0,0,0,1,SNRI,Duloxetine,50,Once daily,6,33,19,10,61,9,85.2,1,Mild,8,Probable,23,20,17,19,8,16,48.5,Partial Responder,0
NC-0217,22,Female,26.3,Graduate,Employed,Urban,Tobacco,9,Recurrent,1,No,No,No,No prior treatment,0,0,0,0,0,0,0,0,0,0,SNRI,Desvenlafaxine,25,Once daily,10,31,17,2,43,5,88.4,1,Moderate,2,Possible,24,19,14,10,2,17,54.8,Responder,1
NC-0218,23,Female,26.1,Graduate,Employed,Urban,Both,79,Recurrent,3,No,No,No,None,0,0,0,1,0,0,1,1,0,3,SSRI,Sertraline,200,Once daily,22,45,10,1,60,4,93.3,0,None,1,Possible,27,23,20,10,3,25,55.6,Responder,1
NC-0219,43,Male,23.8,Graduate,Employed,Rural,None,46,First,0,No,Yes,No,No prior treatment,0,0,0,0,0,0,0,0,0,0,SSRI,Escitalopram,75,Twice daily,18,32,13,7,83,22,73.5,0,None,1,Possible,23,21,20,13,6,12,37.5,Partial Responder,0
NC-0220,69,Female,27.9,Graduate,Retired,Urban,None,15,Recurrent,6,Yes,No,No,None,1,0,0,0,0,0,0,0,0,1,Other,Mirtazapine,75,Twice daily,6,33,12,8,66,14,78.8,0,None,1,Possible,20,16,14,8,8,19,57.6,Responder,1
NC-0221,25,Female,27.1,Graduate,Homemaker,Semi-urban,Tobacco,48,Recurrent,5,No,No,No,None,0,0,0,0,0,0,0,0,0,0,SNRI,Desvenlafaxine,25,Once daily,9,53,6,7,78,0,100.0,1,Mild,8,Probable,32,25,21,3,7,32,60.4,Responder,1
NC-0222,43,Female,29.8,Graduate,Employed,Semi-urban,None,112,Recurrent,6,Yes,No,No,No prior treatment,1,0,0,0,0,0,0,1,0,2,SNRI,Venlafaxine,200,Three times daily,9,40,14,3,42,2,95.2,0,None,0,Doubtful,23,21,18,13,2,22,55.0,Responder,1
NC-0223,58,Female,22.3,Postgraduate,Employed,Urban,None,32,Recurrent,2,No,No,Yes,Partial,1,0,0,0,0,0,0,0,0,1,SNRI,Duloxetine,10,Twice daily,9,52,11,0,50,20,60.0,1,Moderate,2,Possible,52,44,42,7,1,10,19.2,Non-Responder,0
NC-0224,29,Female,22.7,Graduate,Homemaker,Semi-urban,None,107,First,0,No,No,Yes,Partial,0,0,0,1,0,0,0,0,0,1,TCA,Imipramine,75,Once daily,17,44,11,3,54,6,88.9,0,None,0,Doubtful,23,21,20,5,3,24,54.5,Responder,1
NC-0225,59,Male,22.5,Graduate,Employed,Rural,Tobacco,31,First,0,Yes,No,No,Partial,0,0,0,1,1,0,0,0,0,2,TCA,Nortriptyline,20,Three times daily,21,50,6,5,57,3,94.7,0,None,0,Doubtful,22,17,14,4,6,36,72.0,Responder,1
NC-0226,35,Female,27.8,Secondary,Unemployed,Semi-urban,None,23,First,0,Yes,No,No,None,0,0,0,0,0,0,0,0,0,0,SSRI,Paroxetine,150,Once daily,18,26,13,4,89,16,82.0,1,Severe,4,Possible,21,17,15,9,4,11,42.3,Partial Responder,0
NC-0227,64,Female,30.8,Graduate,Unemployed,Urban,None,32,First,0,Yes,No,No,None,1,0,0,0,0,0,0,0,0,1,SNRI,Desvenlafaxine,50,Once daily,13,52,14,10,63,20,68.3,0,None,1,Possible,36,29,23,13,10,29,55.8,Responder,1
NC-0228,51,Female,22.6,Graduate,Student,Rural,Alcohol,39,First,0,Yes,No,No,No prior treatment,0,0,0,0,0,0,0,0,0,0,SSRI,Fluoxetine,25,Once daily,7,53,6,9,73,9,87.7,0,None,1,Possible,23,21,18,5,9,35,66.0,Responder,1
NC-0229,49,Male,22.7,Secondary,Employed,Urban,None,15,Recurrent,6,No,Yes,No,None,0,0,0,0,0,0,1,0,0,1,SNRI,Duloxetine,10,Once daily,6,21,15,8,72,18,75.0,0,None,1,Possible,16,15,12,15,9,9,42.9,Partial Responder,0
NC-0230,28,Female,25.8,Primary,Student,Semi-urban,Alcohol,70,Recurrent,6,No,No,No,Good,1,1,0,0,0,0,0,0,0,2,SSRI,Sertraline,150,Once daily,20,32,7,0,60,10,83.3,0,None,1,Possible,22,19,16,6,1,16,50.0,Responder,1
NC-0231,44,Female,23.5,Graduate,Employed,Rural,None,40,First,0,No,Yes,Yes,No prior treatment,1,0,0,0,0,0,0,0,0,1,SSRI,Escitalopram,50,Three times daily,17,34,7,1,88,2,97.7,0,None,0,Doubtful,27,23,20,5,3,14,41.2,Partial Responder,0
NC-0232,66,Male,28.5,Graduate,Student,Semi-urban,Both,86,First,0,Yes,No,No,Partial,0,0,0,0,0,0,0,0,0,0,Other,Agomelatine,25,Once daily,14,34,11,4,51,19,62.7,0,None,0,Doubtful,21,16,13,8,6,21,61.8,Responder,1
NC-0233,19,Female,15.0,Graduate,Employed,Urban,Tobacco,59,First,0,No,Yes,No,No prior treatment,0,1,0,0,0,0,0,0,0,1,TCA,Imipramine,150,Once daily,15,47,11,6,41,22,46.3,0,None,1,Possible,37,34,27,12,5,20,42.6,Partial Responder,0
NC-0234,61,Female,21.0,Primary,Unemployed,Urban,None,53,Recurrent,5,Yes,Yes,No,Good,1,0,1,0,0,0,0,1,1,4,SSRI,Sertraline,10,Once daily,20,44,19,7,77,24,68.8,0,None,1,Possible,21,20,15,20,6,29,65.9,Responder,1
NC-0235,46,Male,21.2,Secondary,Unemployed,Urban,Alcohol,57,Recurrent,2,No,No,Yes,None,0,0,0,0,0,0,0,0,0,0,Other,Mirtazapine,50,Once daily,20,27,6,3,72,2,97.2,0,None,0,Doubtful,20,18,14,5,2,13,48.1,Partial Responder,0
NC-0236,59,Female,15.0,Secondary,Employed,Urban,None,19,Recurrent,2,Yes,No,Yes,None,1,0,0,0,0,1,0,0,0,2,SSRI,Sertraline,20,Twice daily,5,41,10,1,53,14,73.6,0,None,0,Doubtful,25,20,18,9,1,23,56.1,Responder,1
NC-0237,55,Female,20.5,Graduate,Employed,Urban,None,85,Recurrent,4,Yes,No,No,No prior treatment,0,0,0,1,0,0,0,0,1,2,SSRI,Fluoxetine,20,Once daily,11,54,16,3,83,15,81.9,0,None,0,Doubtful,41,37,29,12,3,25,46.3,Partial Responder,0
NC-0238,42,Male,20.7,Postgraduate,Employed,Semi-urban,None,13,First,0,No,Yes,No,Good,0,0,0,0,1,0,0,0,0,1,TCA,Imipramine,10,Three times daily,4,35,8,8,48,1,97.9,1,Moderate,9,Definite,16,13,10,4,6,25,71.4,Responder,1
NC-0239,35,Female,23.7,Secondary,Employed,Urban,Tobacco,86,Recurrent,2,Yes,No,No,No prior treatment,1,0,1,0,0,0,0,1,0,3,SSRI,Fluoxetine,20,Twice daily,11,52,20,10,52,23,55.8,0,None,1,Possible,44,33,32,20,10,20,38.5,Partial Responder,0
NC-0240,53,Female,29.2,Graduate,Employed,Semi-urban,None,119,Recurrent,7,No,No,No,None,0,0,0,0,0,1,1,0,0,2,SSRI,Escitalopram,200,Once daily,16,42,16,10,47,2,95.7,0,None,0,Doubtful,29,23,18,6,10,24,57.1,Responder,1
NC-0241,25,Male,23.5,Secondary,Homemaker,Rural,None,91,Recurrent,3,No,No,No,None,0,1,0,0,0,0,0,0,0,1,SNRI,Venlafaxine,50,Once daily,8,52,20,6,49,6,87.8,0,None,0,Doubtful,43,33,32,11,7,20,38.5,Partial Responder,0
NC-0242,51,Female,20.2,Secondary,Employed,Urban,None,55,First,0,Yes,No,No,None,0,0,0,1,0,0,0,0,0,1,SSRI,Paroxetine,200,Once daily,7,51,20,1,76,24,68.4,1,Moderate,5,Probable,40,31,27,13,0,24,47.1,Partial Responder,0
NC-0243,23,Female,24.3,Secondary,Retired,Semi-urban,None,38,Recurrent,1,No,No,No,Good,0,0,0,1,0,0,0,0,0,1,SSRI,Sertraline,25,Three times daily,13,20,6,10,75,13,82.7,1,Severe,8,Probable,10,9,8,4,10,12,60.0,Responder,1
NC-0244,55,Male,28.9,Secondary,Homemaker,Semi-urban,None,104,Recurrent,7,No,No,No,None,1,1,0,0,0,0,0,0,0,2,SSRI,Sertraline,150,Twice daily,14,48,12,1,72,16,77.8,1,Moderate,9,Definite,27,22,19,9,0,29,60.4,Responder,1
NC-0245,53,Female,20.4,Graduate,Employed,Urban,None,31,Recurrent,2,No,No,No,Partial,0,0,0,0,0,0,1,0,0,1,SNRI,Venlafaxine,10,Once daily,18,26,16,2,83,12,85.5,1,Mild,5,Probable,20,18,14,8,1,12,46.2,Partial Responder,0
NC-0246,22,Female,20.7,Postgraduate,Student,Urban,None,58,Recurrent,7,No,No,No,Partial,0,1,0,0,0,0,0,0,0,1,SSRI,Fluoxetine,10,Once daily,4,48,5,10,43,18,58.1,0,None,1,Possible,32,31,29,2,10,19,39.6,Partial Responder,0
NC-0247,61,Male,26.8,Secondary,Homemaker,Semi-urban,None,92,First,0,No,No,No,None,0,0,0,0,0,0,0,0,0,0,SSRI,Fluoxetine,10,Twice daily,8,48,12,5,71,2,97.2,1,Mild,2,Possible,32,28,26,6,7,22,45.8,Partial Responder,0
NC-0248,41,Female,23.6,Graduate,Student,Rural,Tobacco,110,Recurrent,7,No,No,No,None,1,0,1,0,0,0,0,0,0,2,SNRI,Duloxetine,200,Once daily,19,29,16,2,45,16,64.4,0,None,0,Doubtful,18,15,12,10,2,17,58.6,Responder,1
NC-0249,62,Male,27.2,Graduate,Unemployed,Semi-urban,None,110,Recurrent,2,No,Yes,No,Good,0,0,0,0,0,0,0,0,1,1,SSRI,Paroxetine,100,Twice daily,17,22,17,5,87,1,98.9,1,Mild,7,Probable,4,3,2,6,3,20,90.9,Responder,1
NC-0250,20,Female,24.4,Postgraduate,Unemployed,Rural,Tobacco,11,First,0,No,No,No,Good,1,0,0,0,1,0,0,0,0,2,SSRI,Paroxetine,100,Twice daily,21,34,11,0,71,4,94.4,1,Mild,6,Probable,28,21,18,9,0,16,47.1,Partial Responder,0
NC-0251,28,Female,27.4,Graduate,Employed,Rural,None,107,Recurrent,6,Yes,No,No,Good,1,1,0,0,0,0,0,0,1,3,SNRI,Venlafaxine,200,Once daily,20,30,18,3,77,12,84.4,1,Mild,7,Probable,23,19,18,10,5,12,40.0,Partial Responder,0
NC-0252,46,Female,20.2,Secondary,Unemployed,Urban,None,14,Recurrent,6,Yes,No,No,Good,0,1,0,0,0,0,0,0,0,1,TCA,Imipramine,25,Once daily,20,39,15,10,68,11,83.8,0,None,0,Doubtful,15,13,12,9,9,27,69.2,Responder,1
NC-0253,28,Male,24.4,Graduate,Homemaker,Semi-urban,None,70,Recurrent,4,No,No,No,None,1,1,1,0,0,0,0,0,0,3,SSRI,Paroxetine,100,Once daily,14,22,5,3,59,3,94.9,1,Severe,5,Probable,16,15,11,3,4,11,50.0,Responder,1
NC-0254,36,Female,23.6,Secondary,Homemaker,Urban,None,111,First,0,Yes,No,No,Good,0,0,0,0,0,0,0,0,0,0,TCA,Imipramine,75,Once daily,23,21,9,9,74,19,74.3,0,None,1,Possible,11,10,9,6,8,12,57.1,Responder,1
NC-0255,55,Male,19.4,Postgraduate,Employed,Rural,None,78,First,0,Yes,Yes,No,No prior treatment,0,0,0,0,0,0,0,0,0,0,SNRI,Venlafaxine,75,Three times daily,12,35,20,5,81,7,91.4,0,None,0,Doubtful,21,20,19,20,5,16,45.7,Partial Responder,0
NC-0256,26,Male,17.9,Graduate,Student,Urban,Alcohol,113,Recurrent,3,Yes,Yes,No,Good,0,0,1,0,1,0,0,1,0,3,SSRI,Escitalopram,100,Twice daily,22,46,5,7,48,21,56.2,0,None,0,Doubtful,33,30,28,2,9,18,39.1,Partial Responder,0
NC-0257,56,Male,27.4,Graduate,Employed,Urban,None,41,Recurrent,7,No,Yes,No,Good,1,1,0,0,0,0,0,0,0,2,TCA,Nortriptyline,50,Twice daily,11,31,6,7,83,0,100.0,0,None,1,Possible,14,12,9,3,7,22,71.0,Responder,1
NC-0258,23,Female,23.0,Primary,Homemaker,Rural,None,38,Recurrent,7,Yes,No,No,No prior treatment,1,0,0,0,0,0,0,0,0,1,SNRI,Desvenlafaxine,10,Once daily,12,31,10,6,76,5,93.4,1,Mild,7,Probable,19,18,17,8,6,14,45.2,Partial Responder,0
NC-0259,27,Male,20.2,Graduate,Employed,Urban,None,39,Recurrent,6,No,Yes,No,Partial,1,1,0,0,0,0,0,0,0,2,SNRI,Venlafaxine,10,Once daily,17,25,20,0,44,7,84.1,0,None,0,Doubtful,15,14,12,8,0,13,52.0,Responder,1
NC-0260,51,Female,24.1,Postgraduate,Homemaker,Semi-urban,None,43,Recurrent,5,No,No,Yes,None,1,0,0,0,0,0,0,0,0,1,SNRI,Duloxetine,75,Twice daily,11,29,16,10,86,14,83.7,0,None,1,Possible,14,12,10,15,9,19,65.5,Responder,1
NC-0261,63,Female,29.2,Graduate,Homemaker,Urban,None,82,Recurrent,5,No,No,No,No prior treatment,0,0,0,1,0,0,0,0,0,1,SNRI,Duloxetine,75,Once daily,6,30,7,5,49,10,79.6,0,None,0,Doubtful,25,24,23,7,5,7,23.3,Non-Responder,0
NC-0262,27,Male,15.0,Graduate,Employed,Rural,None,54,First,0,Yes,No,No,No prior treatment,1,0,0,0,0,0,0,0,0,1,Other,Mirtazapine,100,Once daily,21,29,11,7,70,3,95.7,1,Moderate,5,Probable,13,12,10,9,7,19,65.5,Responder,1
NC-0263,35,Male,18.2,Postgraduate,Employed,Rural,None,88,First,0,No,No,No,No prior treatment,1,0,1,0,0,0,0,0,1,3,SNRI,Duloxetine,75,Once daily,13,32,20,6,46,14,69.6,1,Mild,3,Possible,24,21,20,21,4,12,37.5,Partial Responder,0
NC-0264,70,Male,20.6,Postgraduate,Homemaker,Urban,None,50,First,0,No,No,No,Good,0,0,0,0,0,0,0,0,0,0,TCA,Nortriptyline,20,Once daily,22,29,8,7,49,23,53.1,1,Moderate,6,Probable,20,15,13,5,7,16,55.2,Responder,1
NC-0265,74,Female,30.6,Secondary,Employed,Semi-urban,Tobacco,37,Recurrent,6,No,Yes,Yes,None,0,1,0,0,0,0,0,0,0,1,SNRI,Venlafaxine,25,Twice daily,11,43,14,3,72,3,95.8,0,None,1,Possible,46,37,30,9,4,13,30.2,Partial Responder,0
NC-0266,51,Female,25.7,Graduate,Unemployed,Urban,Both,23,First,0,No,No,No,No prior treatment,0,0,0,0,0,0,0,0,0,0,TCA,Amitriptyline,50,Once daily,23,31,12,9,73,6,91.8,1,Moderate,7,Probable,15,14,13,5,7,18,58.1,Responder,1
NC-0267,43,Male,27.7,Graduate,Homemaker,Semi-urban,None,66,First,0,Yes,Yes,No,No prior treatment,1,0,0,0,0,0,0,0,0,1,Other,Bupropion,200,Twice daily,16,46,17,2,74,11,85.1,1,Moderate,7,Probable,32,24,21,7,4,25,54.3,Responder,1
NC-0268,37,Female,19.7,Graduate,Unemployed,Semi-urban,Tobacco,107,Recurrent,5,No,Yes,No,Good,0,0,1,0,0,0,0,0,1,2,SSRI,Sertraline,75,Once daily,19,41,17,7,57,18,68.4,0,None,1,Possible,27,23,20,9,9,21,51.2,Responder,1
NC-0269,52,Male,19.8,Secondary,Employed,Rural,Tobacco,103,First,0,Yes,No,No,Partial,1,0,0,0,0,0,1,0,1,3,SSRI,Fluoxetine,100,Once daily,19,42,18,6,81,3,96.3,0,None,0,Doubtful,26,23,19,13,7,23,54.8,Responder,1
NC-0270,51,Female,26.4,Secondary,Unemployed,Urban,None,31,First,0,No,Yes,No,Partial,0,0,0,0,1,0,0,1,0,2,SNRI,Duloxetine,100,Once daily,8,40,6,5,42,5,88.1,0,None,1,Possible,37,35,27,4,3,13,32.5,Partial Responder,0
NC-0271,34,Female,24.7,Postgraduate,Employed,Urban,Tobacco,57,Recurrent,4,No,No,Yes,Good,0,1,0,0,0,0,0,0,1,2,SSRI,Escitalopram,25,Twice daily,20,52,12,0,82,5,93.9,0,None,0,Doubtful,27,25,23,6,0,29,55.8,Responder,1
NC-0272,19,Female,26.8,Postgraduate,Homemaker,Semi-urban,Tobacco,84,First,0,Yes,No,No,No prior treatment,0,1,0,0,0,0,0,0,0,1,SNRI,Duloxetine,200,Once daily,22,28,16,4,55,15,72.7,0,None,0,Doubtful,21,19,16,13,6,12,42.9,Partial Responder,0
NC-0273,26,Female,23.7,Postgraduate,Employed,Semi-urban,Both,73,Recurrent,3,No,No,No,Partial,0,0,1,0,0,1,0,0,0,2,TCA,Nortriptyline,100,Once daily,17,54,11,0,71,2,97.2,0,None,0,Doubtful,39,33,32,5,0,22,40.7,Partial Responder,0
NC-0274,72,Female,25.7,Postgraduate,Employed,Urban,Both,8,Recurrent,2,Yes,No,Yes,Partial,1,0,0,0,1,0,0,0,0,2,Other,Bupropion,150,Once daily,22,27,15,5,85,16,81.2,0,None,1,Possible,21,16,15,9,6,12,44.4,Partial Responder,0
NC-0275,41,Male,25.2,Graduate,Employed,Urban,None,71,First,0,No,No,No,Good,0,0,0,0,0,0,0,1,0,1,SSRI,Fluoxetine,100,Twice daily,20,24,15,7,52,10,80.8,0,None,1,Possible,13,11,10,8,9,14,58.3,Responder,1
NC-0276,45,Male,27.8,Graduate,Homemaker,Urban,None,5,Recurrent,2,No,No,No,None,1,1,0,0,0,0,0,0,0,2,SNRI,Venlafaxine,75,Twice daily,17,48,10,5,60,8,86.7,0,None,1,Possible,42,33,26,8,3,22,45.8,Partial Responder,0
NC-0277,44,Male,27.9,Graduate,Employed,Rural,None,14,Recurrent,4,Yes,No,No,Good,0,0,0,0,0,0,0,0,0,0,SSRI,Sertraline,10,Once daily,13,51,6,8,81,21,74.1,1,Mild,6,Probable,25,22,20,4,7,31,60.8,Responder,1
NC-0278,62,Female,17.7,Graduate,Homemaker,Urban,None,78,Recurrent,5,Yes,No,No,None,1,0,0,0,0,0,0,0,0,1,SNRI,Venlafaxine,75,Three times daily,21,23,20,3,83,20,75.9,0,None,0,Doubtful,19,18,13,18,4,10,43.5,Partial Responder,0
NC-0279,21,Female,15.1,Graduate,Student,Urban,None,13,Recurrent,6,No,Yes,No,Good,0,1,0,0,0,0,0,0,1,2,SSRI,Escitalopram,20,Once daily,7,40,18,3,51,20,60.8,0,None,1,Possible,33,29,27,7,5,13,32.5,Partial Responder,0
NC-0280,22,Female,28.7,Secondary,Homemaker,Rural,Both,41,Recurrent,7,Yes,No,No,No prior treatment,0,1,0,0,0,1,0,0,1,3,SNRI,Venlafaxine,75,Once daily,15,37,19,4,65,22,66.2,1,Mild,9,Definite,38,34,29,13,5,8,21.6,Non-Responder,0
NC-0281,33,Female,29.5,Graduate,Homemaker,Urban,None,71,Recurrent,1,No,No,No,Good,0,0,0,0,0,0,0,1,0,1,SNRI,Duloxetine,100,Once daily,20,27,9,2,56,5,91.1,0,None,0,Doubtful,18,16,15,9,2,12,44.4,Partial Responder,0
NC-0282,45,Male,20.2,Secondary,Homemaker,Semi-urban,None,78,Recurrent,2,No,Yes,No,None,0,0,0,0,0,0,0,0,0,0,SNRI,Venlafaxine,75,Twice daily,22,38,10,8,65,21,67.7,0,None,0,Doubtful,27,25,21,4,9,17,44.7,Partial Responder,0
NC-0283,56,Female,16.7,Secondary,Homemaker,Urban,Alcohol,54,First,0,No,Yes,No,Good,0,0,0,0,0,0,0,0,0,0,SNRI,Duloxetine,25,Once daily,9,44,10,8,58,4,93.1,0,None,0,Doubtful,25,21,17,6,8,27,61.4,Responder,1
NC-0284,45,Male,24.9,Graduate,Employed,Rural,None,12,Recurrent,2,Yes,No,No,Good,1,0,0,0,0,0,0,0,0,1,SSRI,Paroxetine,10,Once daily,5,40,5,4,40,8,80.0,0,None,1,Possible,23,20,19,2,4,21,52.5,Responder,1
NC-0285,43,Male,28.4,Graduate,Retired,Semi-urban,None,96,Recurrent,6,No,No,Yes,Good,0,0,0,0,0,0,0,0,0,0,SSRI,Fluoxetine,100,Once daily,10,38,7,8,86,13,84.9,0,None,0,Doubtful,22,17,15,3,9,23,60.5,Responder,1
NC-0286,71,Female,32.0,Secondary,Unemployed,Rural,Both,114,Recurrent,1,No,No,No,Good,0,0,0,0,1,0,0,0,0,1,SSRI,Fluoxetine,100,Once daily,21,50,9,0,71,18,74.6,0,None,1,Possible,37,33,31,6,0,19,38.0,Partial Responder,0
NC-0287,27,Female,26.7,Postgraduate,Unemployed,Urban,None,106,First,0,Yes,No,No,Good,0,0,0,0,0,0,0,0,0,0,Other,Mirtazapine,50,Twice daily,14,27,20,1,63,14,77.8,0,None,1,Possible,11,9,8,10,0,19,70.4,Responder,1
NC-0288,50,Female,22.9,Postgraduate,Homemaker,Urban,None,90,First,0,Yes,No,No,None,0,0,0,0,0,0,0,0,0,0,Other,Bupropion,100,Three times daily,5,41,8,3,45,13,71.1,0,None,0,Doubtful,29,25,21,6,1,20,48.8,Partial Responder,0
NC-0289,48,Male,20.7,Secondary,Homemaker,Semi-urban,None,48,Recurrent,7,Yes,No,Yes,No prior treatment,0,0,0,0,0,0,0,0,0,0,SSRI,Paroxetine,150,Once daily,6,31,13,4,43,9,79.1,1,Severe,7,Probable,16,15,12,13,5,19,61.3,Responder,1
NC-0290,44,Female,24.5,Primary,Student,Urban,Both,105,Recurrent,2,Yes,No,No,Good,0,0,1,0,0,0,0,0,0,1,SSRI,Sertraline,75,Once daily,10,54,13,2,63,14,77.8,0,None,0,Doubtful,38,28,24,7,3,30,55.6,Responder,1
NC-0291,64,Male,23.2,Secondary,Unemployed,Urban,None,59,Recurrent,3,No,No,No,None,1,1,0,0,0,0,0,0,1,3,SSRI,Paroxetine,10,Once daily,10,28,10,5,72,11,84.7,0,None,0,Doubtful,21,18,17,4,3,11,39.3,Partial Responder,0
NC-0292,33,Female,20.2,Graduate,Unemployed,Urban,None,17,First,0,No,Yes,No,None,1,0,0,0,0,0,0,0,0,1,SNRI,Desvenlafaxine,150,Once daily,6,50,19,8,53,11,79.2,0,None,0,Doubtful,26,20,19,18,6,31,62.0,Responder,1
NC-0293,72,Female,33.1,Postgraduate,Employed,Rural,None,102,First,0,No,Yes,No,Partial,0,1,1,1,0,0,0,0,0,3,SSRI,Sertraline,50,Once daily,13,42,6,5,77,14,81.8,1,Mild,2,Possible,31,25,20,4,4,22,52.4,Responder,1
NC-0294,36,Male,32.0,Secondary,Employed,Semi-urban,None,39,Recurrent,7,Yes,No,No,Partial,0,0,0,0,0,0,0,0,0,0,SSRI,Escitalopram,100,Three times daily,13,27,18,4,59,15,74.6,1,Moderate,6,Probable,18,13,12,18,3,15,55.6,Responder,1
NC-0295,49,Male,29.3,Graduate,Employed,Semi-urban,Both,112,First,0,Yes,No,No,Good,0,0,0,0,1,0,0,0,0,1,SSRI,Escitalopram,200,Once daily,7,46,16,0,40,8,80.0,1,Moderate,8,Probable,25,19,15,9,0,31,67.4,Responder,1
NC-0296,47,Male,20.6,Secondary,Employed,Semi-urban,None,44,Recurrent,1,Yes,No,No,Partial,0,1,0,0,0,0,0,0,0,1,SSRI,Sertraline,25,Twice daily,8,28,9,3,66,3,95.5,0,None,1,Possible,18,17,15,7,3,13,46.4,Partial Responder,0
NC-0297,66,Female,28.1,Graduate,Employed,Urban,Both,104,First,0,No,No,Yes,None,0,0,0,0,0,0,0,0,0,0,SSRI,Sertraline,75,Once daily,17,29,17,8,49,7,85.7,0,None,1,Possible,19,18,17,17,7,12,41.4,Partial Responder,0
NC-0298,43,Female,27.2,Postgraduate,Retired,Urban,None,64,First,0,No,No,No,No prior treatment,1,0,0,1,0,0,0,0,0,2,SSRI,Fluoxetine,10,Twice daily,23,32,11,8,40,10,75.0,1,Moderate,3,Possible,21,19,18,5,6,14,43.8,Partial Responder,0
NC-0299,34,Female,26.4,Secondary,Unemployed,Urban,None,56,First,0,Yes,No,No,No prior treatment,0,0,0,0,0,0,0,0,0,0,SNRI,Duloxetine,200,Once daily,23,43,20,1,46,4,91.3,0,None,0,Doubtful,32,28,24,19,2,19,44.2,Partial Responder,0
NC-0300,19,Female,29.7,Secondary,Homemaker,Semi-urban,Alcohol,36,Recurrent,4,No,Yes,No,No prior treatment,0,0,0,1,0,1,1,0,0,3,SNRI,Duloxetine,10,Three times daily,15,33,5,0,54,4,92.6,1,Mild,9,Definite,28,26,21,4,1,12,36.4,Partial Responder,0
NC-0301,38,Female,27.2,Graduate,Student,Urban,None,100,Recurrent,7,Yes,Yes,No,None,1,0,0,0,0,0,0,0,0,1,SSRI,Fluoxetine,75,Twice daily,4,39,5,9,65,23,64.6,0,None,1,Possible,14,13,10,4,10,29,74.4,Responder,1
NC-0302,65,Male,27.6,Graduate,Employed,Rural,None,8,Recurrent,6,Yes,Yes,No,Good,0,0,0,0,0,0,0,0,0,0,SNRI,Desvenlafaxine,25,Once daily,21,39,13,1,89,7,92.1,0,None,0,Doubtful,16,14,10,6,3,29,74.4,Responder,1
NC-0303,18,Female,27.2,Postgraduate,Employed,Rural,Alcohol,56,Recurrent,2,Yes,No,No,Partial,1,0,1,0,0,0,0,0,0,2,SSRI,Fluoxetine,10,Twice daily,23,26,19,6,50,18,64.0,0,None,0,Doubtful,16,12,10,13,8,16,61.5,Responder,1
NC-0304,69,Male,25.9,Postgraduate,Employed,Urban,None,44,First,0,No,No,No,Partial,0,0,0,0,0,0,0,0,0,0,TCA,Nortriptyline,50,Once daily,9,28,6,9,42,3,92.9,0,None,1,Possible,13,12,11,2,10,17,60.7,Responder,1
NC-0305,48,Female,17.0,Primary,Homemaker,Semi-urban,None,65,Recurrent,5,No,No,No,Good,0,0,0,0,0,0,0,0,0,0,Other,Bupropion,200,Once daily,12,30,17,8,49,24,51.0,1,Moderate,9,Definite,15,14,11,18,9,19,63.3,Responder,1
NC-0306,25,Female,24.9,Secondary,Employed,Urban,Both,31,First,0,No,No,No,Good,1,0,1,0,0,0,0,0,0,2,SSRI,Paroxetine,20,Once daily,4,27,20,6,55,5,90.9,0,None,0,Doubtful,13,10,8,8,4,19,70.4,Responder,1
NC-0307,35,Female,22.2,Graduate,Unemployed,Rural,None,80,First,0,Yes,No,No,None,1,0,0,0,0,0,0,0,0,1,TCA,Imipramine,25,Twice daily,20,52,12,4,50,9,82.0,0,None,1,Possible,29,25,23,5,3,29,55.8,Responder,1
NC-0308,49,Female,19.1,Secondary,Homemaker,Rural,None,46,Recurrent,2,Yes,No,No,Partial,1,0,0,0,0,0,0,0,0,1,SNRI,Venlafaxine,20,Twice daily,19,33,18,8,56,19,66.1,0,None,0,Doubtful,23,19,15,18,8,18,54.5,Responder,1
NC-0309,35,Male,31.6,Postgraduate,Homemaker,Rural,None,23,First,0,No,No,Yes,Good,0,0,0,0,0,0,0,0,0,0,SNRI,Venlafaxine,10,Once daily,4,34,17,7,88,5,94.3,1,Mild,2,Possible,24,20,16,10,8,18,52.9,Responder,1
NC-0310,24,Female,31.8,Graduate,Employed,Urban,None,24,Recurrent,6,Yes,No,No,No prior treatment,1,0,0,1,0,0,0,0,0,2,SSRI,Escitalopram,20,Twice daily,18,43,8,9,58,13,77.6,0,None,1,Possible,33,30,29,6,10,14,32.6,Partial Responder,0
NC-0311,55,Male,30.2,Secondary,Employed,Urban,None,83,Recurrent,6,No,No,No,Partial,0,0,0,0,0,0,0,0,0,0,SSRI,Paroxetine,75,Once daily,12,47,18,5,71,19,73.2,1,Severe,9,Definite,33,27,20,10,6,27,57.4,Responder,1
NC-0312,56,Female,25.6,Postgraduate,Employed,Urban,Tobacco,32,Recurrent,6,No,No,No,No prior treatment,0,0,0,1,0,0,0,0,0,1,SSRI,Escitalopram,150,Once daily,14,44,16,10,74,0,100.0,1,Moderate,4,Possible,31,30,25,13,9,19,43.2,Partial Responder,0
NC-0313,24,Male,30.2,Secondary,Employed,Urban,None,37,Recurrent,3,No,No,No,Partial,0,0,0,0,0,0,0,1,0,1,Other,Agomelatine,100,Once daily,8,39,5,8,46,0,100.0,0,None,0,Doubtful,21,19,16,2,9,23,59.0,Responder,1
NC-0314,34,Male,24.6,Graduate,Employed,Urban,Tobacco,75,Recurrent,1,No,No,No,None,0,0,0,0,0,0,0,0,1,1,SNRI,Desvenlafaxine,150,Once daily,20,54,14,0,52,19,63.5,1,Moderate,7,Probable,53,40,32,10,1,22,40.7,Partial Responder,0
NC-0315,31,Male,25.4,Graduate,Unemployed,Urban,None,40,Recurrent,2,No,No,Yes,Good,0,1,0,0,0,0,0,0,1,2,SSRI,Sertraline,100,Once daily,12,51,15,3,60,6,90.0,1,Mild,5,Probable,41,39,31,11,4,20,39.2,Partial Responder,0
NC-0316,55,Male,19.9,Graduate,Homemaker,Rural,None,47,First,0,No,No,No,None,0,1,0,0,0,0,1,0,0,2,SNRI,Desvenlafaxine,50,Once daily,20,27,17,8,63,22,65.1,0,None,1,Possible,21,19,15,10,8,12,44.4,Partial Responder,0
NC-0317,59,Female,26.2,Graduate,Unemployed,Urban,None,30,First,0,No,No,No,Good,1,0,0,0,0,0,1,0,0,2,SSRI,Paroxetine,200,Once daily,6,25,17,1,40,23,42.5,0,None,0,Doubtful,20,17,14,9,2,11,44.0,Partial Responder,0
NC-0318,59,Female,24.8,Graduate,Student,Urban,Tobacco,42,Recurrent,7,No,Yes,No,Good,1,0,0,0,0,0,0,0,0,1,SSRI,Paroxetine,20,Once daily,15,33,12,7,72,22,69.4,0,None,0,Doubtful,19,16,15,5,6,18,54.5,Responder,1
NC-0319,71,Female,19.0,Postgraduate,Employed,Rural,None,83,Recurrent,7,Yes,No,No,None,1,0,0,0,0,0,0,0,0,1,SNRI,Duloxetine,100,Twice daily,10,49,9,3,55,24,56.4,0,None,1,Possible,33,31,26,8,2,23,46.9,Partial Responder,0
NC-0320,61,Male,24.3,Postgraduate,Retired,Semi-urban,None,64,First,0,No,No,Yes,Partial,0,1,0,0,0,1,0,0,0,2,SNRI,Venlafaxine,10,Once daily,23,53,8,2,56,20,64.3,0,None,1,Possible,44,37,31,4,1,22,41.5,Partial Responder,0
